id,profile_background_image_url,profile_image_url,profile_banner_url,access
755390902064078848,,https://pbs.twimg.com/profile_images/867465381329469440/L4YFr9fd_normal.jpg,,2018-05-02 14:51:25
2323137780,https://pbs.twimg.com/profile_background_images/378800000180202934/iqZjWvL3.jpeg,https://pbs.twimg.com/profile_images/833838892696604672/5FNGaJiY_normal.jpg,https://pbs.twimg.com/profile_banners/2323137780/1489847623,2018-05-02 14:51:25
975074658331627522,,https://abs.twimg.com/sticky/default_profile_images/default_profile_normal.png,,2018-05-02 14:52:15
1016063701,https://abs.twimg.com/images/themes/theme15/bg.png,https://pbs.twimg.com/profile_images/871831270531248128/PnJTKCu1_normal.jpg,https://pbs.twimg.com/profile_banners/1016063701/1511727241,2018-05-02 14:52:15
825016420803235841,,https://pbs.twimg.com/profile_images/967514306056159232/oTBTZFe0_normal.jpg,https://pbs.twimg.com/profile_banners/825016420803235841/1518472000,2018-05-02 14:53:16
634806413,https://pbs.twimg.com/profile_background_images/603786679/4e88701t74hy4qn62hvf.jpeg,https://pbs.twimg.com/profile_images/795408229857628160/S77rVIRT_normal.jpg,,2018-05-02 14:53:49
911604369551917061,,https://pbs.twimg.com/profile_images/965292811544334336/xDJEZTN2_normal.jpg,https://pbs.twimg.com/profile_banners/911604369551917061/1506253244,2018-05-02 14:56:03
4341845536,https://abs.twimg.com/images/themes/theme16/bg.gif,https://pbs.twimg.com/profile_images/842753848787828737/Azq8uPXv_normal.jpg,https://pbs.twimg.com/profile_banners/4341845536/1486919746,2018-05-02 15:01:49
919273451743076353,https://abs.twimg.com/images/themes/theme1/bg.png,https://pbs.twimg.com/profile_images/969346134681452544/yily2rda_normal.jpg,https://pbs.twimg.com/profile_banners/919273451743076353/1520774860,2018-05-02 15:11:33
2672595537,https://abs.twimg.com/images/themes/theme9/bg.gif,https://pbs.twimg.com/profile_images/962557731839160320/Mw8DYt8s_normal.jpg,https://pbs.twimg.com/profile_banners/2672595537/1519428235,2018-05-02 15:11:33
761666619617714176,,https://pbs.twimg.com/profile_images/761668586062614528/4d16vkbY_normal.jpg,https://pbs.twimg.com/profile_banners/761666619617714176/1470430915,2018-05-02 15:15:27
226224091,https://abs.twimg.com/images/themes/theme1/bg.png,https://pbs.twimg.com/profile_images/967465025202876417/ysJeGW6D_normal.jpg,,2018-05-02 15:21:01
562879928,https://abs.twimg.com/images/themes/theme1/bg.png,https://pbs.twimg.com/profile_images/991081035172581376/tcVh5bol_normal.jpg,https://pbs.twimg.com/profile_banners/562879928/1525127108,2018-05-02 15:25:22
981737728273534976,,https://abs.twimg.com/sticky/default_profile_images/default_profile_normal.png,,2018-05-02 15:31:35
871909680452444161,https://abs.twimg.com/images/themes/theme1/bg.png,https://pbs.twimg.com/profile_images/983471933848244225/d6TYmv-i_normal.jpg,https://pbs.twimg.com/profile_banners/871909680452444161/1520226437,2018-05-02 15:31:35
2294131202,https://abs.twimg.com/images/themes/theme1/bg.png,https://pbs.twimg.com/profile_images/928234380178481152/4eIXiMm9_normal.jpg,https://pbs.twimg.com/profile_banners/2294131202/1491649998,2018-05-02 15:36:41
2481491973,https://abs.twimg.com/images/themes/theme1/bg.png,https://pbs.twimg.com/profile_images/973903083452424192/Z4Nogrmd_normal.jpg,https://pbs.twimg.com/profile_banners/2481491973/1426100299,2018-05-02 15:41:50
783003310219464704,,https://pbs.twimg.com/profile_images/858071301839310848/-0u-bY1d_normal.jpg,https://pbs.twimg.com/profile_banners/783003310219464704/1483375638,2018-05-02 15:43:48
3438438843,https://abs.twimg.com/images/themes/theme1/bg.png,https://pbs.twimg.com/profile_images/914860543227416577/gJHm0geh_normal.jpg,https://pbs.twimg.com/profile_banners/3438438843/1506953689,2018-05-02 15:43:48
3685392135,https://abs.twimg.com/images/themes/theme1/bg.png,https://pbs.twimg.com/profile_images/971692272281640960/KGaKoWdN_normal.jpg,https://pbs.twimg.com/profile_banners/3685392135/1524844133,2018-05-02 15:47:39
945534542424756226,,https://pbs.twimg.com/profile_images/964838217055985669/hWsFBRI9_normal.jpg,,2018-05-02 15:47:39
412463058,https://abs.twimg.com/images/themes/theme1/bg.png,https://pbs.twimg.com/profile_images/498116953211289602/L8WYWc9W_normal.jpeg,,2018-05-02 15:47:48
971604575701565441,,https://pbs.twimg.com/profile_images/989956457301979147/p11ZKSXH_normal.jpg,https://pbs.twimg.com/profile_banners/971604575701565441/1524954923,2018-05-02 15:49:56
313246922,https://abs.twimg.com/images/themes/theme8/bg.gif,https://pbs.twimg.com/profile_images/849390468995657730/w2k4Dkxb_normal.jpg,,2018-05-02 15:50:14
832441166058500096,,https://pbs.twimg.com/profile_images/842951837674160128/teh21oLQ_normal.jpg,,2018-05-02 15:53:15
929420084682067969,,https://pbs.twimg.com/profile_images/929439903863267328/BBLW1fxT_normal.jpg,https://pbs.twimg.com/profile_banners/929420084682067969/1520498313,2018-05-02 15:59:12
1494034783,https://pbs.twimg.com/profile_background_images/378800000169868071/9gfMYzkG.jpeg,https://pbs.twimg.com/profile_images/654394513092427777/8kdyrydn_normal.png,,2018-05-02 16:01:02
2385672272,https://abs.twimg.com/images/themes/theme1/bg.png,https://pbs.twimg.com/profile_images/937172698442149888/Rbkf22Bm_normal.jpg,https://pbs.twimg.com/profile_banners/2385672272/1521837693,2018-05-02 16:01:02
761337419392290816,,https://pbs.twimg.com/profile_images/764859325764538368/9qOomW3D_normal.jpg,,2018-05-02 16:01:43
849368218326138880,,https://abs.twimg.com/sticky/default_profile_images/default_profile_normal.png,,2018-05-02 16:05:08
1017662618,https://abs.twimg.com/images/themes/theme1/bg.png,https://pbs.twimg.com/profile_images/3385704944/031d995e59f56ff1e745ce8d5ab5c268_normal.png,https://pbs.twimg.com/profile_banners/1017662618/1411126560,2018-05-02 16:11:03
597769317,https://pbs.twimg.com/profile_background_images/378800000059917115/3af3b8bee9d0acf3304d954cfd9c228e.jpeg,https://pbs.twimg.com/profile_images/943725507874566144/Bnt0BMXN_normal.jpg,https://pbs.twimg.com/profile_banners/597769317/1384243371,2018-05-02 16:14:09
812656050960732161,,https://pbs.twimg.com/profile_images/991102006466146304/jVStgqMD_normal.jpg,https://pbs.twimg.com/profile_banners/812656050960732161/1525132105,2018-05-02 16:14:09
828627471608184832,,https://pbs.twimg.com/profile_images/828628222023712768/U-4vbd2X_normal.jpg,https://pbs.twimg.com/profile_banners/828627471608184832/1486395305,2018-05-02 16:15:00
833263613276200962,,https://pbs.twimg.com/profile_images/987731528313638913/8gWjOr9s_normal.jpg,https://pbs.twimg.com/profile_banners/833263613276200962/1519638083,2018-05-02 16:18:40
982669803444940800,,https://pbs.twimg.com/profile_images/982671921698562049/5EMZW4XT_normal.jpg,https://pbs.twimg.com/profile_banners/982669803444940800/1523122348,2018-05-02 16:18:40
232108392,https://abs.twimg.com/images/themes/theme1/bg.png,https://pbs.twimg.com/profile_images/790435768292503552/tbub2RTz_normal.jpg,https://pbs.twimg.com/profile_banners/232108392/1515687106,2018-05-02 16:20:21
129314386,https://abs.twimg.com/images/themes/theme14/bg.gif,https://pbs.twimg.com/profile_images/868249486296055808/IercKgYA_normal.jpg,https://pbs.twimg.com/profile_banners/129314386/1477978199,2018-05-02 16:20:21
3709329729,https://abs.twimg.com/images/themes/theme1/bg.png,https://pbs.twimg.com/profile_images/979932500947587072/6gL2KJbF_normal.jpg,https://pbs.twimg.com/profile_banners/3709329729/1516296091,2018-05-02 16:20:21
4866566489,,https://pbs.twimg.com/profile_images/698690509188030465/aqDb5c9U_normal.jpg,,2018-05-02 16:20:56
932250638439854080,,https://pbs.twimg.com/profile_images/947479112343572482/gu7bX735_normal.jpg,https://pbs.twimg.com/profile_banners/932250638439854080/1512862400,2018-05-02 16:22:56
831869357240221697,,https://pbs.twimg.com/profile_images/964574645470015488/yYXhwza9_normal.jpg,https://pbs.twimg.com/profile_banners/831869357240221697/1518807582,2018-05-02 16:29:24
828288871075086336,https://abs.twimg.com/images/themes/theme1/bg.png,https://pbs.twimg.com/profile_images/828960706531778561/KediRIvv_normal.jpg,,2018-05-02 16:29:59
813914393788481540,https://abs.twimg.com/images/themes/theme1/bg.png,https://pbs.twimg.com/profile_images/964120931806228480/hc0qERb-_normal.jpg,https://pbs.twimg.com/profile_banners/813914393788481540/1513203707,2018-05-02 16:29:59
426409144,https://pbs.twimg.com/profile_background_images/457386883362746368/2_mpqutL.jpeg,https://pbs.twimg.com/profile_images/941540334495920128/sQr6DkOY_normal.jpg,https://pbs.twimg.com/profile_banners/426409144/1513315644,2018-05-02 16:48:05
782992706616393729,,https://pbs.twimg.com/profile_images/950060094301106176/06kSmeML_normal.jpg,https://pbs.twimg.com/profile_banners/782992706616393729/1516370559,2018-05-02 16:49:29
852788402889961472,,https://pbs.twimg.com/profile_images/937399039892578305/Ey3iq6dx_normal.jpg,,2018-05-02 16:49:36
798987580427505665,https://abs.twimg.com/images/themes/theme1/bg.png,https://pbs.twimg.com/profile_images/799278831433461760/T1QEcQ6f_normal.jpg,https://pbs.twimg.com/profile_banners/798987580427505665/1479329225,2018-05-02 16:49:36
66732993,https://pbs.twimg.com/profile_background_images/31000687/yellow_20rose_20wallpaper.jpg,https://pbs.twimg.com/profile_images/3755452468/7a7e2e27a57f06580fe0e69f79fe7a86_normal.jpeg,,2018-05-02 16:49:36
3379584303,https://abs.twimg.com/images/themes/theme1/bg.png,https://pbs.twimg.com/profile_images/764176434499837956/-mKxbkdc_normal.jpg,https://pbs.twimg.com/profile_banners/3379584303/1471028369,2018-05-02 16:53:00
103105127,https://pbs.twimg.com/profile_background_images/371604545/Dragon-by-Pena-lj__.jpg,https://pbs.twimg.com/profile_images/965050680787419136/NxqJW9Ud_normal.jpg,https://pbs.twimg.com/profile_banners/103105127/1518925885,2018-05-02 16:53:00
227778796,https://abs.twimg.com/images/themes/theme1/bg.png,https://pbs.twimg.com/profile_images/950024771231797248/zOgvWk-p_normal.jpg,https://pbs.twimg.com/profile_banners/227778796/1515339150,2018-05-02 16:55:46
213555363,https://abs.twimg.com/images/themes/theme18/bg.gif,https://pbs.twimg.com/profile_images/1251553020/220px-Black_Sun.svg_normal.png,https://pbs.twimg.com/profile_banners/213555363/1495130564,2018-05-02 17:01:25
924171577,https://pbs.twimg.com/profile_background_images/378800000177143185/GGngeWi0.jpeg,https://pbs.twimg.com/profile_images/922011463748931589/LE5bhm7v_normal.jpg,https://pbs.twimg.com/profile_banners/924171577/1508659639,2018-05-02 17:01:50
2959431927,https://abs.twimg.com/images/themes/theme1/bg.png,https://pbs.twimg.com/profile_images/985518417733193728/UUPSZtf7_normal.jpg,https://pbs.twimg.com/profile_banners/2959431927/1525207873,2018-05-02 17:02:02
937391743678517249,,https://pbs.twimg.com/profile_images/948689973217255428/fFeMM2KR_normal.jpg,https://pbs.twimg.com/profile_banners/937391743678517249/1515020289,2018-05-02 17:07:12
905403389466509313,,https://pbs.twimg.com/profile_images/905661394959216640/dJ_3RcIr_normal.jpg,https://pbs.twimg.com/profile_banners/905403389466509313/1504761476,2018-05-02 17:08:05
2243345659,https://abs.twimg.com/images/themes/theme1/bg.png,https://pbs.twimg.com/profile_images/456986909789532160/fyQ2TvRS_normal.jpeg,,2018-05-02 17:10:15
987748224437030917,,https://abs.twimg.com/sticky/default_profile_images/default_profile_normal.png,,2018-05-02 17:10:28
954229325892608000,,https://abs.twimg.com/sticky/default_profile_images/default_profile_normal.png,,2018-05-02 17:12:51
49946953,https://pbs.twimg.com/profile_background_images/360489183/Ishak_Pasha.jpg,https://pbs.twimg.com/profile_images/974564177892315137/ixf9OWcu_normal.jpg,https://pbs.twimg.com/profile_banners/49946953/1516798169,2018-05-02 17:12:51
982701088372592642,,https://pbs.twimg.com/profile_images/982723477231800325/ilKdt0SO_normal.jpg,,2018-05-02 17:16:05
478170193,https://abs.twimg.com/images/themes/theme19/bg.gif,https://pbs.twimg.com/profile_images/928213965829820416/nPdoWYww_normal.jpg,https://pbs.twimg.com/profile_banners/478170193/1453590490,2018-05-02 17:16:05
314024921,https://abs.twimg.com/images/themes/theme4/bg.gif,https://pbs.twimg.com/profile_images/907683030927585280/mQQY5_nf_normal.jpg,https://pbs.twimg.com/profile_banners/314024921/1505242855,2018-05-02 17:16:09
26900055,https://abs.twimg.com/images/themes/theme1/bg.png,https://pbs.twimg.com/profile_images/815578969026285568/6IOjNoK3_normal.jpg,https://pbs.twimg.com/profile_banners/26900055/1472427635,2018-05-02 17:17:07
1398840546,https://abs.twimg.com/images/themes/theme1/bg.png,https://pbs.twimg.com/profile_images/914290780122083328/jwwlinLL_normal.jpg,https://pbs.twimg.com/profile_banners/1398840546/1509825162,2018-05-02 17:20:10
948731155033067521,https://abs.twimg.com/images/themes/theme1/bg.png,https://pbs.twimg.com/profile_images/951170295326441472/UP2JIt1J_normal.jpg,https://pbs.twimg.com/profile_banners/948731155033067521/1518643052,2018-05-02 17:20:29
837041296544002052,,https://abs.twimg.com/sticky/default_profile_images/default_profile_normal.png,,2018-05-02 17:24:58
3089497123,https://abs.twimg.com/images/themes/theme1/bg.png,https://pbs.twimg.com/profile_images/583352190028230656/t3Pog3fx_normal.png,https://pbs.twimg.com/profile_banners/3089497123/1426611767,2018-05-02 17:24:58
23074563,https://abs.twimg.com/images/themes/theme1/bg.png,https://pbs.twimg.com/profile_images/975145296803049473/xltEcSoB_normal.jpg,https://pbs.twimg.com/profile_banners/23074563/1506331926,2018-05-02 17:30:27
2610615528,https://abs.twimg.com/images/themes/theme4/bg.gif,https://pbs.twimg.com/profile_images/967894817756930049/1KJ5y2Iq_normal.jpg,https://pbs.twimg.com/profile_banners/2610615528/1470006908,2018-05-02 17:30:27
2360103751,https://abs.twimg.com/images/themes/theme1/bg.png,https://pbs.twimg.com/profile_images/988359557213835264/7UPydwkM_normal.jpg,https://pbs.twimg.com/profile_banners/2360103751/1498484369,2018-05-02 17:30:43
860893303360954368,,https://pbs.twimg.com/profile_images/956976208255897600/73gFOMBh_normal.jpg,https://pbs.twimg.com/profile_banners/860893303360954368/1525156073,2018-05-02 17:34:28
175032813,https://abs.twimg.com/images/themes/theme10/bg.gif,https://pbs.twimg.com/profile_images/825414379231387648/X3qYBNSb_normal.jpg,https://pbs.twimg.com/profile_banners/175032813/1514382770,2018-05-02 17:35:18
29547555,https://pbs.twimg.com/profile_background_images/11066150/babyblueyes2.jpg,https://pbs.twimg.com/profile_images/127672331/100_0489Ican_tbelieveit___fresized_normal.jpg,,2018-05-02 17:40:16
261749735,https://abs.twimg.com/images/themes/theme14/bg.gif,https://pbs.twimg.com/profile_images/984128861095915521/XhMO8Scy_normal.jpg,https://pbs.twimg.com/profile_banners/261749735/1523469489,2018-05-02 17:43:03
3110915034,https://abs.twimg.com/images/themes/theme1/bg.png,https://pbs.twimg.com/profile_images/980401498378113025/uafeCEA3_normal.jpg,https://pbs.twimg.com/profile_banners/3110915034/1525033949,2018-05-02 17:44:51
886837772123811840,,https://pbs.twimg.com/profile_images/989188227541143553/JpgJFm5a_normal.jpg,https://pbs.twimg.com/profile_banners/886837772123811840/1521676524,2018-05-02 17:47:41
2337543318,https://abs.twimg.com/images/themes/theme1/bg.png,https://abs.twimg.com/sticky/default_profile_images/default_profile_normal.png,,2018-05-02 17:48:04
829476518,https://abs.twimg.com/images/themes/theme11/bg.gif,https://pbs.twimg.com/profile_images/983426994183524352/zb9MyVp2_normal.jpg,https://pbs.twimg.com/profile_banners/829476518/1480108837,2018-05-02 17:49:49
4311982647,https://abs.twimg.com/images/themes/theme1/bg.png,https://abs.twimg.com/sticky/default_profile_images/default_profile_normal.png,https://pbs.twimg.com/profile_banners/4311982647/1522213828,2018-05-02 17:55:26
728316429121036290,,https://pbs.twimg.com/profile_images/969267140187521024/m--08553_normal.jpg,https://pbs.twimg.com/profile_banners/728316429121036290/1519926119,2018-05-02 17:58:05
987752531009916929,,https://pbs.twimg.com/profile_images/991262020665212928/SGyAgmRl_normal.jpg,https://pbs.twimg.com/profile_banners/987752531009916929/1525077241,2018-05-02 18:04:22
3072592149,https://pbs.twimg.com/profile_background_images/588328909000679424/s0cF6Nju.png,https://pbs.twimg.com/profile_images/968628711884050432/EKw2q5jt_normal.jpg,https://pbs.twimg.com/profile_banners/3072592149/1485458386,2018-05-02 18:07:06
849833645611372545,,https://pbs.twimg.com/profile_images/939969294393401347/4O66NE0-_normal.jpg,https://pbs.twimg.com/profile_banners/849833645611372545/1512941161,2018-05-02 18:07:06
2752052868,https://abs.twimg.com/images/themes/theme1/bg.png,https://pbs.twimg.com/profile_images/631526922003025920/ghLdI2x0_normal.jpg,https://pbs.twimg.com/profile_banners/2752052868/1512500925,2018-05-02 18:10:04
915820505336356865,,https://pbs.twimg.com/profile_images/931580979516465153/pf_TXIm4_normal.jpg,https://pbs.twimg.com/profile_banners/915820505336356865/1510483620,2018-05-02 18:14:25
4126032687,https://abs.twimg.com/images/themes/theme1/bg.png,https://pbs.twimg.com/profile_images/991616355119058944/UablsKeu_normal.jpg,https://pbs.twimg.com/profile_banners/4126032687/1525244569,2018-05-02 18:17:34
1077181999,https://abs.twimg.com/images/themes/theme1/bg.png,https://pbs.twimg.com/profile_images/924789435404832769/mToSP94n_normal.jpg,https://pbs.twimg.com/profile_banners/1077181999/1503794414,2018-05-02 18:20:51
951192329070825473,,https://pbs.twimg.com/profile_images/987661280398991364/I6rmqYml_normal.jpg,https://pbs.twimg.com/profile_banners/951192329070825473/1515620343,2018-05-02 18:20:51
2653220806,https://abs.twimg.com/images/themes/theme1/bg.png,https://pbs.twimg.com/profile_images/959302777292800000/msqscTky_normal.jpg,https://pbs.twimg.com/profile_banners/2653220806/1511344425,2018-05-02 18:21:43
2542939533,https://abs.twimg.com/images/themes/theme1/bg.png,https://pbs.twimg.com/profile_images/973663746517237760/X8AgTk-i_normal.jpg,https://pbs.twimg.com/profile_banners/2542939533/1492559184,2018-05-02 18:22:08
3687318741,https://abs.twimg.com/images/themes/theme1/bg.png,https://pbs.twimg.com/profile_images/989938262394490882/ZaKC-HMQ_normal.jpg,https://pbs.twimg.com/profile_banners/3687318741/1523265759,2018-05-02 18:22:35
897768084714508289,https://abs.twimg.com/images/themes/theme1/bg.png,https://pbs.twimg.com/profile_images/897854621699510272/4g_q23r6_normal.jpg,https://pbs.twimg.com/profile_banners/897768084714508289/1502902206,2018-05-02 18:22:35
161243650,https://pbs.twimg.com/profile_background_images/469150194009776128/eO_MHghQ.jpeg,https://pbs.twimg.com/profile_images/976441092689289217/1_65xXyi_normal.jpg,https://pbs.twimg.com/profile_banners/161243650/1523956503,2018-05-02 18:24:50
769134990701502464,,https://pbs.twimg.com/profile_images/922610713272741890/0BndAV_w_normal.jpg,https://pbs.twimg.com/profile_banners/769134990701502464/1472219974,2018-05-02 18:25:13
2844388905,https://abs.twimg.com/images/themes/theme1/bg.png,https://pbs.twimg.com/profile_images/961351362238910464/iIAfSK0U_normal.jpg,,2018-05-02 18:25:13
757637664,https://abs.twimg.com/images/themes/theme1/bg.png,https://pbs.twimg.com/profile_images/3360042075/b076b660c3e17d88a29ef32e68e498cc_normal.jpeg,https://pbs.twimg.com/profile_banners/757637664/1490122071,2018-05-02 18:27:08
598468186,https://abs.twimg.com/images/themes/theme1/bg.png,https://abs.twimg.com/sticky/default_profile_images/default_profile_normal.png,https://pbs.twimg.com/profile_banners/598468186/1519167191,2018-05-02 18:27:18
823571457649184768,https://abs.twimg.com/images/themes/theme1/bg.png,https://pbs.twimg.com/profile_images/988539532365611008/QkJFLUDi_normal.jpg,https://pbs.twimg.com/profile_banners/823571457649184768/1522715020,2018-05-02 18:28:17
825682538416971778,,https://pbs.twimg.com/profile_images/974990303898816512/GOzfqHBM_normal.jpg,https://pbs.twimg.com/profile_banners/825682538416971778/1485693703,2018-05-02 18:28:25
2252893931,https://abs.twimg.com/images/themes/theme1/bg.png,https://pbs.twimg.com/profile_images/814092734613090308/BwiCMX2R_normal.jpg,https://pbs.twimg.com/profile_banners/2252893931/1388440069,2018-05-02 18:28:25
2228890529,https://abs.twimg.com/images/themes/theme1/bg.png,https://pbs.twimg.com/profile_images/991378552691003392/Q2VGK-5r_normal.jpg,,2018-05-02 18:28:25
780521650852884480,,https://pbs.twimg.com/profile_images/964583090004856833/vGduubou_normal.jpg,https://pbs.twimg.com/profile_banners/780521650852884480/1525127655,2018-05-02 18:29:59
581307829,https://abs.twimg.com/images/themes/theme1/bg.png,https://pbs.twimg.com/profile_images/770584477420687361/U00wnjMY_normal.jpg,https://pbs.twimg.com/profile_banners/581307829/1472556728,2018-05-02 18:32:47
2344991118,https://pbs.twimg.com/profile_background_images/633819217264046080/5NHgdfXa.jpg,https://pbs.twimg.com/profile_images/915705097102995456/_19_fojr_normal.jpg,https://pbs.twimg.com/profile_banners/2344991118/1479160724,2018-05-02 18:33:18
771918082034065410,,https://pbs.twimg.com/profile_images/810071231009464320/1DwzCvdH_normal.jpg,https://pbs.twimg.com/profile_banners/771918082034065410/1481971005,2018-05-02 18:34:56
867947619661881344,,https://pbs.twimg.com/profile_images/932133290194165760/gKVRr-xH_normal.jpg,https://pbs.twimg.com/profile_banners/867947619661881344/1525235100,2018-05-02 18:35:25
3395666355,https://abs.twimg.com/images/themes/theme1/bg.png,https://pbs.twimg.com/profile_images/978684900491571207/a8Kj8Tod_normal.jpg,https://pbs.twimg.com/profile_banners/3395666355/1524865243,2018-05-02 18:41:01
51712399,https://abs.twimg.com/images/themes/theme1/bg.png,https://pbs.twimg.com/profile_images/950417184592941057/sGLeWOOe_normal.jpg,https://pbs.twimg.com/profile_banners/51712399/1515432162,2018-05-02 18:41:32
438041673,https://abs.twimg.com/images/themes/theme1/bg.png,https://pbs.twimg.com/profile_images/773017620098449409/KXtepEQZ_normal.jpg,,2018-05-02 18:42:53
2296768525,https://pbs.twimg.com/profile_background_images/610887761680142336/EpX1x_t0.png,https://pbs.twimg.com/profile_images/987791895576416261/-f99nVBF_normal.jpg,https://pbs.twimg.com/profile_banners/2296768525/1523134937,2018-05-02 18:45:38
829213809306918912,,https://pbs.twimg.com/profile_images/949100704806744064/zU__ZK6d_normal.jpg,https://pbs.twimg.com/profile_banners/829213809306918912/1489130768,2018-05-02 18:45:45
822423903112929280,https://abs.twimg.com/images/themes/theme1/bg.png,https://pbs.twimg.com/profile_images/922026769154301953/iPAAOqGj_normal.jpg,https://pbs.twimg.com/profile_banners/822423903112929280/1508663342,2018-05-02 18:45:45
317284206,https://abs.twimg.com/images/themes/theme1/bg.png,https://pbs.twimg.com/profile_images/991086774582697984/jlKbqCH6_normal.jpg,https://pbs.twimg.com/profile_banners/317284206/1514992094,2018-05-02 18:46:44
981292975,https://pbs.twimg.com/profile_background_images/725772128/e84108d60c12ecf3546f0acf897dcc22.jpeg,https://pbs.twimg.com/profile_images/971299063307165698/Hl6AFgly_normal.jpg,https://pbs.twimg.com/profile_banners/981292975/1511514161,2018-05-02 18:50:16
193357080,https://abs.twimg.com/images/themes/theme1/bg.png,https://pbs.twimg.com/profile_images/695132564374196225/gon07p4b_normal.jpg,,2018-05-02 18:50:42
2365720046,https://pbs.twimg.com/profile_background_images/576848636513923072/1ttOjMFs.jpeg,https://pbs.twimg.com/profile_images/965694206256787456/J-StA61n_normal.jpg,https://pbs.twimg.com/profile_banners/2365720046/1518481911,2018-05-02 18:52:52
937134500852645888,,https://abs.twimg.com/sticky/default_profile_images/default_profile_normal.png,,2018-05-02 18:55:19
2181065932,https://abs.twimg.com/images/themes/theme1/bg.png,https://pbs.twimg.com/profile_images/980958029679153152/MVIqJ4oI_normal.jpg,https://pbs.twimg.com/profile_banners/2181065932/1391038432,2018-05-02 18:55:57
865653764870381568,,https://pbs.twimg.com/profile_images/923221466707124224/6KOLsIiC_normal.jpg,https://pbs.twimg.com/profile_banners/865653764870381568/1524560667,2018-05-02 18:55:59
2510092890,https://abs.twimg.com/images/themes/theme1/bg.png,https://pbs.twimg.com/profile_images/911007177153941504/kP-yGBCb_normal.jpg,https://pbs.twimg.com/profile_banners/2510092890/1503448536,2018-05-02 18:55:59
50258410,https://abs.twimg.com/images/themes/theme6/bg.gif,https://pbs.twimg.com/profile_images/378800000403092128/bdf5b65ce04ad70a9b636989af38406c_normal.jpeg,https://pbs.twimg.com/profile_banners/50258410/1400550150,2018-05-02 18:57:20
3294058472,https://abs.twimg.com/images/themes/theme1/bg.png,https://pbs.twimg.com/profile_images/960080539272163328/2DfgEl6X_normal.jpg,https://pbs.twimg.com/profile_banners/3294058472/1518931713,2018-05-02 18:57:30
986830047599144960,,https://abs.twimg.com/sticky/default_profile_images/default_profile_normal.png,,2018-05-02 18:58:29
963497411229442049,,https://pbs.twimg.com/profile_images/963532070294310913/ThQOC1_w_normal.jpg,,2018-05-02 18:58:36
751911896,https://abs.twimg.com/images/themes/theme1/bg.png,https://pbs.twimg.com/profile_images/984471493521362945/T75GNlQE_normal.jpg,https://pbs.twimg.com/profile_banners/751911896/1523207294,2018-05-02 19:02:50
775894632697892864,,https://abs.twimg.com/sticky/default_profile_images/default_profile_normal.png,,2018-05-02 19:04:34
67813133,https://abs.twimg.com/images/themes/theme1/bg.png,https://pbs.twimg.com/profile_images/986267767761526784/nzPaS_b-_normal.jpg,https://pbs.twimg.com/profile_banners/67813133/1520862472,2018-05-02 19:05:14
719153440107204608,https://abs.twimg.com/images/themes/theme1/bg.png,https://pbs.twimg.com/profile_images/859844367649050631/ErdKePEf_normal.jpg,https://pbs.twimg.com/profile_banners/719153440107204608/1464120681,2018-05-02 19:05:14
2927236667,https://abs.twimg.com/images/themes/theme1/bg.png,https://pbs.twimg.com/profile_images/545344545265696768/IYOllP79_normal.png,https://pbs.twimg.com/profile_banners/2927236667/1472351995,2018-05-02 19:05:23
2365742752,https://abs.twimg.com/images/themes/theme1/bg.png,https://pbs.twimg.com/profile_images/585462386355740672/Fbek4xkI_normal.jpg,https://pbs.twimg.com/profile_banners/2365742752/1409669573,2018-05-02 19:08:33
108524355,https://abs.twimg.com/images/themes/theme19/bg.gif,https://pbs.twimg.com/profile_images/988944787519700992/fcTWsCJ-_normal.jpg,https://pbs.twimg.com/profile_banners/108524355/1409031526,2018-05-02 19:08:33
913083595727683584,,https://pbs.twimg.com/profile_images/965359388457234432/jUFxEvKa_normal.jpg,,2018-05-02 19:11:15
941680316506411009,,https://pbs.twimg.com/profile_images/947062009165701126/sSGK7yjy_normal.jpg,https://pbs.twimg.com/profile_banners/941680316506411009/1521750660,2018-05-02 19:17:18
22153676,https://abs.twimg.com/images/themes/theme4/bg.gif,https://pbs.twimg.com/profile_images/631562730021998593/B3GntXfx_normal.jpg,https://pbs.twimg.com/profile_banners/22153676/1484255762,2018-05-02 19:17:18
916205628363862016,,https://pbs.twimg.com/profile_images/947735382170521601/x8TBopdX_normal.jpg,https://pbs.twimg.com/profile_banners/916205628363862016/1507275557,2018-05-02 19:23:06
870200407,https://pbs.twimg.com/profile_background_images/632169837179985920/xxVOGrfB.jpg,https://pbs.twimg.com/profile_images/939596212822577152/O2IgnHQZ_normal.jpg,https://pbs.twimg.com/profile_banners/870200407/1407241301,2018-05-02 19:23:06
286812557,https://abs.twimg.com/images/themes/theme1/bg.png,https://pbs.twimg.com/profile_images/807898963919695872/7Cwvlgn5_normal.jpg,,2018-05-02 19:25:49
962717507273490432,,https://pbs.twimg.com/profile_images/991643424515395584/pfvEH77D_normal.jpg,https://pbs.twimg.com/profile_banners/962717507273490432/1522479931,2018-05-02 19:29:05
2574890250,https://abs.twimg.com/images/themes/theme1/bg.png,https://pbs.twimg.com/profile_images/981525091694645249/FcUwUhMP_normal.jpg,https://pbs.twimg.com/profile_banners/2574890250/1517250138,2018-05-02 19:29:05
365854454,https://pbs.twimg.com/profile_background_images/552370581778075648/PdorkLCF.jpeg,https://pbs.twimg.com/profile_images/984294483373125632/-4FMuLL9_normal.jpg,https://pbs.twimg.com/profile_banners/365854454/1525148076,2018-05-02 19:30:31
956610243940831233,,https://abs.twimg.com/sticky/default_profile_images/default_profile_normal.png,,2018-05-02 19:31:18
833492448240336896,,https://pbs.twimg.com/profile_images/975743594882617344/cj1-NZHj_normal.jpg,https://pbs.twimg.com/profile_banners/833492448240336896/1521470427,2018-05-02 19:34:20
840649543561682946,,https://pbs.twimg.com/profile_images/847608518131695616/Kud9DmF8_normal.jpg,,2018-05-02 19:34:20
302111485,https://pbs.twimg.com/profile_background_images/593281015835074560/IikP7--O.jpg,https://pbs.twimg.com/profile_images/922168415367901185/lFcNtHMZ_normal.jpg,https://pbs.twimg.com/profile_banners/302111485/1517340184,2018-05-02 19:37:16
943924685259067392,,https://pbs.twimg.com/profile_images/943926503863074816/tvWHx1d-_normal.jpg,https://pbs.twimg.com/profile_banners/943924685259067392/1513884696,2018-05-02 19:37:16
3344944154,https://abs.twimg.com/images/themes/theme1/bg.png,https://pbs.twimg.com/profile_images/984310028508200960/Fi_-vuHP_normal.jpg,https://pbs.twimg.com/profile_banners/3344944154/1523512773,2018-05-02 19:43:09
2227319840,https://abs.twimg.com/images/themes/theme1/bg.png,https://pbs.twimg.com/profile_images/983743238208012288/50r6MSNQ_normal.jpg,https://pbs.twimg.com/profile_banners/2227319840/1469578979,2018-05-02 19:43:12
940033190701367296,,https://abs.twimg.com/sticky/default_profile_images/default_profile_normal.png,,2018-05-02 19:45:26
90064632,https://pbs.twimg.com/profile_background_images/478509891/youtube_arka_alan.jpg,https://pbs.twimg.com/profile_images/820730691726036992/lX8rJSfD_normal.jpg,https://pbs.twimg.com/profile_banners/90064632/1444758915,2018-05-02 19:47:58
819535337886191616,,https://pbs.twimg.com/profile_images/966253087135621120/WpDNG9Vu_normal.jpg,https://pbs.twimg.com/profile_banners/819535337886191616/1500345521,2018-05-02 19:48:33
2892418731,https://abs.twimg.com/images/themes/theme1/bg.png,https://pbs.twimg.com/profile_images/990364850525298689/tii5M47z_normal.jpg,https://pbs.twimg.com/profile_banners/2892418731/1522796165,2018-05-02 19:49:21
954662401412124677,,https://pbs.twimg.com/profile_images/954664949053362176/c1kKPmhk_normal.jpg,https://pbs.twimg.com/profile_banners/954662401412124677/1519556859,2018-05-02 19:53:45
3575833755,https://abs.twimg.com/images/themes/theme1/bg.png,https://pbs.twimg.com/profile_images/991400346881855489/javQzp95_normal.jpg,https://pbs.twimg.com/profile_banners/3575833755/1525282701,2018-05-02 19:55:36
978254138470535168,,https://abs.twimg.com/sticky/default_profile_images/default_profile_normal.png,,2018-05-02 19:56:04
57039681,https://pbs.twimg.com/profile_background_images/644505876368244736/6qZU8p2K.png,https://pbs.twimg.com/profile_images/886854761839960065/CMbMrTMl_normal.jpg,https://pbs.twimg.com/profile_banners/57039681/1498813527,2018-05-02 19:56:04
740683594633355265,,https://pbs.twimg.com/profile_images/740684017838657536/CJoXkV7-_normal.jpg,https://pbs.twimg.com/profile_banners/740683594633355265/1465427889,2018-05-02 19:56:04
702303494053634049,,https://pbs.twimg.com/profile_images/964220924076605440/rc8tLbmq_normal.jpg,https://pbs.twimg.com/profile_banners/702303494053634049/1522342145,2018-05-02 19:56:42
57734851,https://abs.twimg.com/images/themes/theme1/bg.png,https://pbs.twimg.com/profile_images/888759218517495808/UGAXKrki_normal.jpg,https://pbs.twimg.com/profile_banners/57734851/1504953383,2018-05-02 19:59:07
980116740972695552,,https://pbs.twimg.com/profile_images/980119023496114176/6_DyReOl_normal.jpg,https://pbs.twimg.com/profile_banners/980116740972695552/1522513506,2018-05-02 20:03:07
987394916719431680,,https://abs.twimg.com/sticky/default_profile_images/default_profile_normal.png,,2018-05-02 20:03:07
291273472,https://abs.twimg.com/images/themes/theme1/bg.png,https://pbs.twimg.com/profile_images/1334649788/ProfilePhoto_normal.png,,2018-05-02 20:05:34
828115979758661632,,https://pbs.twimg.com/profile_images/881886404946661376/W6efN9mA_normal.jpg,,2018-05-02 20:08:59
455830743,https://abs.twimg.com/images/themes/theme1/bg.png,https://pbs.twimg.com/profile_images/810607389338726401/5mswm5Wi_normal.jpg,https://pbs.twimg.com/profile_banners/455830743/1483907831,2018-05-02 20:08:59
933527721224916993,,https://pbs.twimg.com/profile_images/953410516403326977/tbh4nSKd_normal.jpg,https://pbs.twimg.com/profile_banners/933527721224916993/1514228565,2018-05-02 20:11:18
397610007,https://abs.twimg.com/images/themes/theme1/bg.png,https://pbs.twimg.com/profile_images/3126408882/9320b59aad5814aef7cf16dfaff60db0_normal.jpeg,,2018-05-02 20:12:04
49384107,https://abs.twimg.com/images/themes/theme1/bg.png,https://abs.twimg.com/sticky/default_profile_images/default_profile_normal.png,,2018-05-02 20:21:34
416188366,https://pbs.twimg.com/profile_background_images/378800000157949355/ICGe2vRt.jpeg,https://pbs.twimg.com/profile_images/968622990727532547/nDsjuXq8_normal.jpg,https://pbs.twimg.com/profile_banners/416188366/1516479766,2018-05-02 20:22:37
1370971824,https://abs.twimg.com/images/themes/theme1/bg.png,https://pbs.twimg.com/profile_images/942871301919838208/5NfonSgW_normal.jpg,https://pbs.twimg.com/profile_banners/1370971824/1515604024,2018-05-02 20:27:38
761709748614037504,,https://pbs.twimg.com/profile_images/958343812132360193/Km2COoV4_normal.jpg,https://pbs.twimg.com/profile_banners/761709748614037504/1524412955,2018-05-02 20:27:57
900259563907272704,,https://pbs.twimg.com/profile_images/983165272889716738/EG71lEvt_normal.jpg,https://pbs.twimg.com/profile_banners/900259563907272704/1523235241,2018-05-02 20:29:34
1641619117,https://abs.twimg.com/images/themes/theme1/bg.png,https://pbs.twimg.com/profile_images/917535739465912320/secQJ6HT_normal.jpg,https://pbs.twimg.com/profile_banners/1641619117/1440428480,2018-05-02 20:30:14
754020787141668864,,https://pbs.twimg.com/profile_images/868413114445942784/P6YOy-w0_normal.jpg,,2018-05-02 20:35:06
990276638997991424,,https://pbs.twimg.com/profile_images/990296958106468352/H2tUXoAt_normal.jpg,,2018-05-02 20:36:04
204176679,https://abs.twimg.com/images/themes/theme1/bg.png,https://pbs.twimg.com/profile_images/947724322843402241/oPhMSPwU_normal.jpg,https://pbs.twimg.com/profile_banners/204176679/1404002827,2018-05-02 20:40:47
755180885411033088,,https://pbs.twimg.com/profile_images/965577937633398784/oUYocYt3_normal.jpg,https://pbs.twimg.com/profile_banners/755180885411033088/1469661684,2018-05-02 20:42:12
595205792,https://abs.twimg.com/images/themes/theme1/bg.png,https://pbs.twimg.com/profile_images/933752277738942465/bm2dCbTN_normal.jpg,,2018-05-02 20:42:43
2941410280,https://abs.twimg.com/images/themes/theme1/bg.png,https://pbs.twimg.com/profile_images/986485968134959104/Q7uylTVi_normal.jpg,https://pbs.twimg.com/profile_banners/2941410280/1522709537,2018-05-02 20:46:03
4118915187,https://pbs.twimg.com/profile_background_images/693717219038117889/-_WSSDtW.jpg,https://pbs.twimg.com/profile_images/989375865724293120/32CnSFVS_normal.jpg,https://pbs.twimg.com/profile_banners/4118915187/1510347295,2018-05-02 20:46:22
826104850194653186,https://abs.twimg.com/images/themes/theme1/bg.png,https://pbs.twimg.com/profile_images/976636174218514432/33Q1jLk2_normal.jpg,https://pbs.twimg.com/profile_banners/826104850194653186/1520301277,2018-05-02 20:48:30
4635369677,,https://pbs.twimg.com/profile_images/900665001802858496/OZoHO-g7_normal.jpg,https://pbs.twimg.com/profile_banners/4635369677/1522086416,2018-05-02 20:48:48
830216254208278528,,https://abs.twimg.com/sticky/default_profile_images/default_profile_normal.png,,2018-05-02 20:49:33
978145274,https://abs.twimg.com/images/themes/theme1/bg.png,https://pbs.twimg.com/profile_images/2910357702/d8518e4b742f35466979508669cfca82_normal.jpeg,,2018-05-02 20:50:52
51712493,https://abs.twimg.com/images/themes/theme4/bg.gif,https://pbs.twimg.com/profile_images/755731023632162816/xWa6omy7_normal.jpg,,2018-05-02 20:53:29
1183512104,https://abs.twimg.com/images/themes/theme9/bg.gif,https://pbs.twimg.com/profile_images/744136499554357248/KwKYbhax_normal.jpg,https://pbs.twimg.com/profile_banners/1183512104/1466250919,2018-05-02 20:54:58
2605915581,https://abs.twimg.com/images/themes/theme1/bg.png,https://pbs.twimg.com/profile_images/477390118689718272/XQjr66gt_normal.jpeg,https://pbs.twimg.com/profile_banners/2605915581/1402653107,2018-05-02 20:55:48
2967680506,https://abs.twimg.com/images/themes/theme1/bg.png,https://pbs.twimg.com/profile_images/767335440567431168/NIWri8zZ_normal.jpg,https://pbs.twimg.com/profile_banners/2967680506/1508305229,2018-05-02 20:58:09
851212839691976704,https://abs.twimg.com/images/themes/theme1/bg.png,https://pbs.twimg.com/profile_images/989563123890884608/Yun7tb9r_normal.jpg,https://pbs.twimg.com/profile_banners/851212839691976704/1518272583,2018-05-02 20:58:26
776180524754800641,,https://pbs.twimg.com/profile_images/972937711282802688/riAuxrFb_normal.jpg,https://pbs.twimg.com/profile_banners/776180524754800641/1496498245,2018-05-02 20:59:05
346612013,https://abs.twimg.com/images/themes/theme1/bg.png,https://pbs.twimg.com/profile_images/984875362680299522/NE8x8TtQ_normal.jpg,https://pbs.twimg.com/profile_banners/346612013/1523605152,2018-05-02 20:59:05
924061988564684800,,https://pbs.twimg.com/profile_images/990204743157940224/BjcXJA9U_normal.jpg,https://pbs.twimg.com/profile_banners/924061988564684800/1509149800,2018-05-02 21:00:10
812294692809408512,,https://pbs.twimg.com/profile_images/922326753368006656/ZBHlfOe3_normal.jpg,,2018-05-02 21:00:10
2898341650,https://abs.twimg.com/images/themes/theme1/bg.png,https://pbs.twimg.com/profile_images/538839100342554624/596zXYUI_normal.png,https://pbs.twimg.com/profile_banners/2898341650/1432331390,2018-05-02 21:00:29
3013136483,https://abs.twimg.com/images/themes/theme1/bg.png,https://pbs.twimg.com/profile_images/975038578660175878/toC9CJWS_normal.jpg,https://pbs.twimg.com/profile_banners/3013136483/1523622854,2018-05-02 21:02:33
2751254297,https://abs.twimg.com/images/themes/theme1/bg.png,https://pbs.twimg.com/profile_images/695368366974902272/-_i8wpTu_normal.jpg,https://pbs.twimg.com/profile_banners/2751254297/1429497703,2018-05-02 21:03:17
26538229,https://pbs.twimg.com/profile_background_images/723070805/9477fb17180fb88a40f9775d5348016f.jpeg,https://pbs.twimg.com/profile_images/766274287129006080/8B5hXHv__normal.jpg,https://pbs.twimg.com/profile_banners/26538229/1398888907,2018-05-02 21:05:22
339233372,https://pbs.twimg.com/profile_background_images/628513587976278016/Rw6OfwX_.jpg,https://pbs.twimg.com/profile_images/831371372475604993/IeFkJ_sJ_normal.jpg,https://pbs.twimg.com/profile_banners/339233372/1524604510,2018-05-02 21:06:58
3128894447,https://abs.twimg.com/images/themes/theme1/bg.png,https://pbs.twimg.com/profile_images/940298363559223296/sn7hXmMY_normal.jpg,https://pbs.twimg.com/profile_banners/3128894447/1514070419,2018-05-02 21:06:58
25073877,https://pbs.twimg.com/profile_background_images/530021613/trump_scotland__43_of_70_cc.jpg,https://pbs.twimg.com/profile_images/874276197357596672/kUuht00m_normal.jpg,https://pbs.twimg.com/profile_banners/25073877/1525193951,2018-05-02 21:08:06
745980963411267587,https://abs.twimg.com/images/themes/theme1/bg.png,https://pbs.twimg.com/profile_images/799072045254385664/TRfxUYJV_normal.jpg,https://pbs.twimg.com/profile_banners/745980963411267587/1479352285,2018-05-02 21:08:06
932305909400907776,,https://pbs.twimg.com/profile_images/940932768485093378/7NTFNEX7_normal.jpg,https://pbs.twimg.com/profile_banners/932305909400907776/1513173032,2018-05-02 21:10:10
384428299,https://abs.twimg.com/images/themes/theme1/bg.png,https://pbs.twimg.com/profile_images/1571229641/mehtap-tv-bes-yasinda-902_normal.jpg,https://pbs.twimg.com/profile_banners/384428299/1445849122,2018-05-02 21:13:52
364610603,https://pbs.twimg.com/profile_background_images/362002512/xab745d90fa00752a00902d833470f9c.jpg,https://pbs.twimg.com/profile_images/956747719548157953/JyQSd5Ii_normal.jpg,https://pbs.twimg.com/profile_banners/364610603/1490433416,2018-05-02 21:14:48
63110096,https://pbs.twimg.com/profile_background_images/311541123/odatvlogo.jpg,https://pbs.twimg.com/profile_images/976833130106707972/vQVUawZk_normal.jpg,https://pbs.twimg.com/profile_banners/63110096/1401884653,2018-05-02 21:18:27
934091456981209088,https://abs.twimg.com/images/themes/theme1/bg.png,https://pbs.twimg.com/profile_images/934483923001888768/a7d_wQG5_normal.jpg,https://pbs.twimg.com/profile_banners/934091456981209088/1511679556,2018-05-02 21:18:27
1648905578,https://pbs.twimg.com/profile_background_images/455706067465273344/Bx6bz2Dl.jpeg,https://pbs.twimg.com/profile_images/756860977501601792/68QNZeo__normal.jpg,https://pbs.twimg.com/profile_banners/1648905578/1443383240,2018-05-02 21:18:27
97885429,https://pbs.twimg.com/profile_background_images/108874615/holiday-rockefeller.jpg,https://pbs.twimg.com/profile_images/976024947972853761/gmTYMcJS_normal.jpg,https://pbs.twimg.com/profile_banners/97885429/1392750938,2018-05-02 21:21:02
3298302672,https://abs.twimg.com/images/themes/theme1/bg.png,https://pbs.twimg.com/profile_images/771458897009840128/JeoiR_rO_normal.jpg,https://pbs.twimg.com/profile_banners/3298302672/1488375839,2018-05-02 21:24:25
2946167092,https://abs.twimg.com/images/themes/theme1/bg.png,https://pbs.twimg.com/profile_images/549258184507265024/xgzon4T8_normal.jpeg,,2018-05-02 21:24:25
745320470891880449,https://abs.twimg.com/images/themes/theme1/bg.png,https://pbs.twimg.com/profile_images/988546146468618241/LVQ2KmKr_normal.jpg,https://pbs.twimg.com/profile_banners/745320470891880449/1523559120,2018-05-02 21:25:00
864394117,https://pbs.twimg.com/profile_background_images/378800000156891686/LZIRwiQf.jpeg,https://pbs.twimg.com/profile_images/991055278907969536/XtbkbXPr_normal.jpg,https://pbs.twimg.com/profile_banners/864394117/1525121036,2018-05-02 21:29:18
2492460663,https://abs.twimg.com/images/themes/theme1/bg.png,https://pbs.twimg.com/profile_images/974255660161478656/T-M1W2IF_normal.jpg,https://pbs.twimg.com/profile_banners/2492460663/1523625058,2018-05-02 21:29:28
997894658,https://abs.twimg.com/images/themes/theme1/bg.png,https://pbs.twimg.com/profile_images/739059547365593089/DlFg77eb_normal.jpg,https://pbs.twimg.com/profile_banners/997894658/1469140120,2018-05-02 21:33:31
2428742198,https://abs.twimg.com/images/themes/theme1/bg.png,https://pbs.twimg.com/profile_images/918138081559175168/fVJhF2RZ_normal.jpg,https://pbs.twimg.com/profile_banners/2428742198/1506187872,2018-05-02 21:34:05
978655495580999682,,https://pbs.twimg.com/profile_images/989102570995175425/I-4SbTU5_normal.jpg,https://pbs.twimg.com/profile_banners/978655495580999682/1522453334,2018-05-02 21:34:08
833070269119991812,,https://abs.twimg.com/sticky/default_profile_images/default_profile_normal.png,,2018-05-02 21:40:19
311118058,https://abs.twimg.com/images/themes/theme8/bg.gif,https://pbs.twimg.com/profile_images/977846886106320896/6ysZlRM-_normal.jpg,https://pbs.twimg.com/profile_banners/311118058/1477773081,2018-05-02 21:40:19
218078497,https://abs.twimg.com/images/themes/theme1/bg.png,https://pbs.twimg.com/profile_images/598482594401882113/USVlP7kX_normal.jpg,https://pbs.twimg.com/profile_banners/218078497/1431524999,2018-05-02 21:40:28
285994737,https://abs.twimg.com/images/themes/theme17/bg.gif,https://pbs.twimg.com/profile_images/586920159182393344/7EY3I30g_normal.jpg,,2018-05-02 21:40:28
979785891060305920,,https://pbs.twimg.com/profile_images/979855572035137538/yG4tHqlL_normal.jpg,,2018-05-02 21:40:28
339281879,https://pbs.twimg.com/profile_background_images/668755091244097537/Lz7jueco.jpg,https://pbs.twimg.com/profile_images/949995302957797377/K89ijWW0_normal.jpg,https://pbs.twimg.com/profile_banners/339281879/1516563821,2018-05-02 21:45:48
968014402552238080,,https://pbs.twimg.com/profile_images/980193582136127489/eU5GDCS7_normal.jpg,,2018-05-02 21:46:02
3089898207,https://pbs.twimg.com/profile_background_images/598549711449034752/rAg7pSSE.jpg,https://pbs.twimg.com/profile_images/990939442641866753/KDzxKzq8_normal.jpg,https://pbs.twimg.com/profile_banners/3089898207/1525093507,2018-05-02 21:47:20
11325152,https://abs.twimg.com/images/themes/theme1/bg.png,https://pbs.twimg.com/profile_images/947390051519905792/g7yRaUTY_normal.jpg,https://pbs.twimg.com/profile_banners/11325152/1463714620,2018-05-02 21:47:25
955730343021219840,https://abs.twimg.com/images/themes/theme1/bg.png,https://pbs.twimg.com/profile_images/955745981403942917/7Vmz837q_normal.jpg,https://pbs.twimg.com/profile_banners/955730343021219840/1520531237,2018-05-02 21:47:25
301754043,https://pbs.twimg.com/profile_background_images/551998065767227392/n4uMznLm.jpeg,https://pbs.twimg.com/profile_images/967691898503745537/GHet3js6_normal.jpg,https://pbs.twimg.com/profile_banners/301754043/1514957913,2018-05-02 21:49:58
610341256,https://abs.twimg.com/images/themes/theme1/bg.png,https://pbs.twimg.com/profile_images/901895412218421248/oUVYMNyI_normal.jpg,https://pbs.twimg.com/profile_banners/610341256/1516237151,2018-05-02 21:52:17
926783183584145408,https://abs.twimg.com/images/themes/theme1/bg.png,https://pbs.twimg.com/profile_images/958865603351269376/le3Lm0fe_normal.jpg,https://pbs.twimg.com/profile_banners/926783183584145408/1510624068,2018-05-02 21:52:36
950870829461594112,,https://pbs.twimg.com/profile_images/951536164997083145/lsRn6cbz_normal.jpg,https://pbs.twimg.com/profile_banners/950870829461594112/1515698873,2018-05-02 21:52:36
908650936167526400,https://abs.twimg.com/images/themes/theme1/bg.png,https://pbs.twimg.com/profile_images/986955476129796096/b0BV4uQT_normal.jpg,https://pbs.twimg.com/profile_banners/908650936167526400/1520558021,2018-05-02 21:53:32
817214594024239104,,https://pbs.twimg.com/profile_images/838613300086779905/O3w6iVC1_normal.jpg,https://pbs.twimg.com/profile_banners/817214594024239104/1500691001,2018-05-02 21:58:57
1569194448,https://abs.twimg.com/images/themes/theme1/bg.png,https://abs.twimg.com/sticky/default_profile_images/default_profile_normal.png,,2018-05-02 22:03:45
965277900550410240,,https://pbs.twimg.com/profile_images/988229364339785729/30XLPW-W_normal.jpg,,2018-05-02 22:13:22
788083245158174720,,https://pbs.twimg.com/profile_images/795220226451312640/aoKIrzFV_normal.jpg,https://pbs.twimg.com/profile_banners/788083245158174720/1483810625,2018-05-02 22:14:19
2889867227,https://abs.twimg.com/images/themes/theme14/bg.gif,https://pbs.twimg.com/profile_images/536652023815344128/MDX-3Msp_normal.jpeg,https://pbs.twimg.com/profile_banners/2889867227/1416782814,2018-05-02 22:14:37
962800985180721152,,https://pbs.twimg.com/profile_images/989646478430953477/OQ8MTFZz_normal.jpg,https://pbs.twimg.com/profile_banners/962800985180721152/1524681521,2018-05-02 22:16:01
2459717767,https://pbs.twimg.com/profile_background_images/678956260335726592/Fjn0ywqd.png,https://pbs.twimg.com/profile_images/849054918031925248/lQnWhSbq_normal.jpg,https://pbs.twimg.com/profile_banners/2459717767/1482686641,2018-05-02 22:17:25
1418050602,https://abs.twimg.com/images/themes/theme1/bg.png,https://pbs.twimg.com/profile_images/972812590115098624/V-eCRL-K_normal.jpg,,2018-05-02 22:19:46
1575521048,https://abs.twimg.com/images/themes/theme1/bg.png,https://pbs.twimg.com/profile_images/571972323164758016/LUTuR3mA_normal.jpeg,https://pbs.twimg.com/profile_banners/1575521048/1395484217,2018-05-02 22:21:36
725064846056640512,,https://pbs.twimg.com/profile_images/945649334900498433/SmVUotXO_normal.jpg,https://pbs.twimg.com/profile_banners/725064846056640512/1485946884,2018-05-02 22:21:53
2386862304,https://abs.twimg.com/images/themes/theme1/bg.png,https://pbs.twimg.com/profile_images/444084257254670336/JsTGHrsq_normal.jpeg,https://pbs.twimg.com/profile_banners/2386862304/1394712914,2018-05-02 22:22:25
3319254798,https://abs.twimg.com/images/themes/theme1/bg.png,https://pbs.twimg.com/profile_images/983838071010529280/ALJ0bWuM_normal.jpg,https://pbs.twimg.com/profile_banners/3319254798/1523399554,2018-05-02 22:24:34
878352770985807873,https://abs.twimg.com/images/themes/theme1/bg.png,https://pbs.twimg.com/profile_images/989451683573960705/A0QWzu_h_normal.jpg,https://pbs.twimg.com/profile_banners/878352770985807873/1524726142,2018-05-02 22:28:36
243726128,https://pbs.twimg.com/profile_background_images/513610702892703745/TbAR2LRr.jpeg,https://pbs.twimg.com/profile_images/991413186678079488/06wX0ddf_normal.jpg,https://pbs.twimg.com/profile_banners/243726128/1523056734,2018-05-02 22:28:36
983491215860494336,,https://pbs.twimg.com/profile_images/983494272262352896/rxXPslXi_normal.jpg,https://pbs.twimg.com/profile_banners/983491215860494336/1523318279,2018-05-02 22:36:28
753029601610330117,,https://pbs.twimg.com/profile_images/981704311616000000/1a4YQW48_normal.jpg,https://pbs.twimg.com/profile_banners/753029601610330117/1524621649,2018-05-02 22:36:53
3197717401,https://abs.twimg.com/images/themes/theme1/bg.png,https://pbs.twimg.com/profile_images/986279620021383168/TI8uxWMD_normal.jpg,https://pbs.twimg.com/profile_banners/3197717401/1523982361,2018-05-02 22:38:27
1889899296,https://abs.twimg.com/images/themes/theme1/bg.png,https://pbs.twimg.com/profile_images/967094192022339585/A6XJj5Zz_normal.jpg,https://pbs.twimg.com/profile_banners/1889899296/1519408382,2018-05-02 22:38:27
2960532245,https://abs.twimg.com/images/themes/theme1/bg.png,https://pbs.twimg.com/profile_images/955568799167676418/_WsPACbQ_normal.jpg,https://pbs.twimg.com/profile_banners/2960532245/1506270393,2018-05-02 22:39:12
3226948667,https://pbs.twimg.com/profile_background_images/681866156353949696/CZsGL2-T.jpg,https://pbs.twimg.com/profile_images/957467974134353920/JYZxC4Is_normal.jpg,https://pbs.twimg.com/profile_banners/3226948667/1506977116,2018-05-02 22:40:37
714280902,https://pbs.twimg.com/profile_background_images/613085236/z9x6cxexxpy84gckh2ms.jpeg,https://pbs.twimg.com/profile_images/991809497004847104/tm62eJYz_normal.jpg,https://pbs.twimg.com/profile_banners/714280902/1494226796,2018-05-02 22:41:15
940163692854960128,,https://pbs.twimg.com/profile_images/943534157203943424/l1RG0X9P_normal.jpg,https://pbs.twimg.com/profile_banners/940163692854960128/1514562263,2018-05-02 22:44:36
3092806925,https://abs.twimg.com/images/themes/theme1/bg.png,https://abs.twimg.com/sticky/default_profile_images/default_profile_normal.png,,2018-05-02 22:45:10
224609329,https://abs.twimg.com/images/themes/theme14/bg.gif,https://pbs.twimg.com/profile_images/658323261957263361/_5igxhlV_normal.jpg,,2018-05-02 22:45:12
1731656120,https://abs.twimg.com/images/themes/theme1/bg.png,https://pbs.twimg.com/profile_images/973923454989885440/ihd8i4_L_normal.jpg,https://pbs.twimg.com/profile_banners/1731656120/1459050288,2018-05-02 22:45:12
282055947,https://abs.twimg.com/images/themes/theme1/bg.png,https://pbs.twimg.com/profile_images/848185707466280962/L-DGI6I-_normal.jpg,https://pbs.twimg.com/profile_banners/282055947/1471964112,2018-05-02 22:46:58
2237851962,https://abs.twimg.com/images/themes/theme1/bg.png,https://pbs.twimg.com/profile_images/843929755296677888/TkY1Yg8N_normal.jpg,https://pbs.twimg.com/profile_banners/2237851962/1411504882,2018-05-02 22:46:58
2962172531,https://abs.twimg.com/images/themes/theme1/bg.png,https://pbs.twimg.com/profile_images/962901238600949760/jlkne1DK_normal.jpg,https://pbs.twimg.com/profile_banners/2962172531/1518585366,2018-05-02 22:48:53
946127206509527040,https://abs.twimg.com/images/themes/theme1/bg.png,https://pbs.twimg.com/profile_images/989954889798189056/vzqNvcBk_normal.jpg,https://pbs.twimg.com/profile_banners/946127206509527040/1524850137,2018-05-02 22:49:36
550116886,https://abs.twimg.com/images/themes/theme1/bg.png,https://pbs.twimg.com/profile_images/524653766797053954/U4P7ODW7_normal.jpeg,https://pbs.twimg.com/profile_banners/550116886/1431375181,2018-05-02 22:50:29
1565753588,https://abs.twimg.com/images/themes/theme1/bg.png,https://pbs.twimg.com/profile_images/788753494987644928/t1dvgJ8w_normal.jpg,https://pbs.twimg.com/profile_banners/1565753588/1492429779,2018-05-02 22:50:29
22703645,https://pbs.twimg.com/profile_background_images/63033090/Tucker-Twitter_2_.jpg,https://pbs.twimg.com/profile_images/796823622450982912/XYcUsJUI_normal.jpg,https://pbs.twimg.com/profile_banners/22703645/1492825527,2018-05-02 22:50:33
494829052,https://abs.twimg.com/images/themes/theme1/bg.png,https://pbs.twimg.com/profile_images/964095057316888577/VTT9jBQy_normal.jpg,https://pbs.twimg.com/profile_banners/494829052/1517958116,2018-05-02 22:50:33
961669737125117952,,https://pbs.twimg.com/profile_images/967710563362115585/8YpSW7yP_normal.jpg,,2018-05-02 22:51:49
2207137254,https://abs.twimg.com/images/themes/theme1/bg.png,https://pbs.twimg.com/profile_images/783359572526428160/FHBRBJOV_normal.jpg,https://pbs.twimg.com/profile_banners/2207137254/1501729853,2018-05-02 22:51:49
4847820765,,https://pbs.twimg.com/profile_images/984576300705812481/LJgBND70_normal.jpg,https://pbs.twimg.com/profile_banners/4847820765/1519398081,2018-05-02 22:52:35
2200055569,https://abs.twimg.com/images/themes/theme4/bg.gif,https://pbs.twimg.com/profile_images/955472627463868416/7WDNDHHa_normal.jpg,https://pbs.twimg.com/profile_banners/2200055569/1487199097,2018-05-02 22:56:49
872403805148553216,,https://pbs.twimg.com/profile_images/973532505130246144/z9yrML7n_normal.jpg,https://pbs.twimg.com/profile_banners/872403805148553216/1502028054,2018-05-02 22:58:07
605731629,https://abs.twimg.com/images/themes/theme1/bg.png,https://pbs.twimg.com/profile_images/790667944430796800/_0-0AxXy_normal.jpg,,2018-05-02 23:06:05
970812182,https://abs.twimg.com/images/themes/theme1/bg.png,https://pbs.twimg.com/profile_images/758264714954739712/Dxbas1f-_normal.jpg,https://pbs.twimg.com/profile_banners/970812182/1486482217,2018-05-02 23:08:15
2983714610,https://abs.twimg.com/images/themes/theme1/bg.png,https://pbs.twimg.com/profile_images/868881652419842048/UXjreqJ6_normal.jpg,https://pbs.twimg.com/profile_banners/2983714610/1495992191,2018-05-02 23:13:43
762410408867012608,,https://pbs.twimg.com/profile_images/946263915801010182/jqe_Dqoe_normal.jpg,https://pbs.twimg.com/profile_banners/762410408867012608/1510260370,2018-05-02 23:14:45
885109490512801792,,https://pbs.twimg.com/profile_images/885275954746187776/Jjjg6F1Y_normal.jpg,,2018-05-02 23:19:55
1696233198,https://abs.twimg.com/images/themes/theme1/bg.png,https://pbs.twimg.com/profile_images/926153643413393409/cAWPnO4w_normal.jpg,https://pbs.twimg.com/profile_banners/1696233198/1513175114,2018-05-02 23:20:53
1728451099,https://pbs.twimg.com/profile_background_images/461449922810630144/PL91a_c7.jpeg,https://pbs.twimg.com/profile_images/912063493532274688/yozXVskm_normal.jpg,https://pbs.twimg.com/profile_banners/1728451099/1472141557,2018-05-02 23:20:53
2722337933,https://abs.twimg.com/images/themes/theme1/bg.png,https://pbs.twimg.com/profile_images/965983202677411841/hYbYcUFx_normal.jpg,https://pbs.twimg.com/profile_banners/2722337933/1490639949,2018-05-02 23:23:49
2597206393,https://abs.twimg.com/images/themes/theme1/bg.png,https://pbs.twimg.com/profile_images/983443225712189440/N7tSPfBm_normal.jpg,https://pbs.twimg.com/profile_banners/2597206393/1516406894,2018-05-02 23:25:23
4852463193,,https://pbs.twimg.com/profile_images/967212929111162882/qNmXOUa5_normal.jpg,,2018-05-02 23:41:24
3244598766,https://abs.twimg.com/images/themes/theme1/bg.png,https://pbs.twimg.com/profile_images/990829742780641280/UBQ99I8P_normal.jpg,https://pbs.twimg.com/profile_banners/3244598766/1523000245,2018-05-02 23:55:17
487834443,https://pbs.twimg.com/profile_background_images/449878795/IMG_0049.JPG,https://pbs.twimg.com/profile_images/935587884702294018/zOJgvVLf_normal.jpg,https://pbs.twimg.com/profile_banners/487834443/1504354992,2018-05-03 00:05:48
1178028691,https://abs.twimg.com/images/themes/theme1/bg.png,https://pbs.twimg.com/profile_images/867368649966968832/tix_HCY0_normal.jpg,https://pbs.twimg.com/profile_banners/1178028691/1430848489,2018-05-03 00:05:48
3323960308,https://abs.twimg.com/images/themes/theme1/bg.png,https://pbs.twimg.com/profile_images/983360026365583360/TaUh97Ab_normal.jpg,https://pbs.twimg.com/profile_banners/3323960308/1523290167,2018-05-03 00:08:25
2868857680,https://abs.twimg.com/images/themes/theme1/bg.png,https://pbs.twimg.com/profile_images/991465052208328706/b_CUOkAo_normal.jpg,https://pbs.twimg.com/profile_banners/2868857680/1508638436,2018-05-03 00:18:54
248829087,https://abs.twimg.com/images/themes/theme1/bg.png,https://pbs.twimg.com/profile_images/886800022024728576/Fvay_vDJ_normal.jpg,https://pbs.twimg.com/profile_banners/248829087/1515194015,2018-05-03 00:19:53
1100079385,https://abs.twimg.com/images/themes/theme1/bg.png,https://pbs.twimg.com/profile_images/436770809474867200/AHFPGFte_normal.png,https://pbs.twimg.com/profile_banners/1100079385/1487581043,2018-05-03 00:19:53
1480212992,https://abs.twimg.com/images/themes/theme1/bg.png,https://pbs.twimg.com/profile_images/919921966936707073/pL0WnB1h_normal.jpg,,2018-05-03 00:30:02
2400684383,https://abs.twimg.com/images/themes/theme1/bg.png,https://pbs.twimg.com/profile_images/819572878718943237/kzFU26JU_normal.jpg,https://pbs.twimg.com/profile_banners/2400684383/1403819993,2018-05-03 00:30:02
956988729402560513,,https://pbs.twimg.com/profile_images/958606031776608257/GFpx87qM_normal.jpg,https://pbs.twimg.com/profile_banners/956988729402560513/1517391634,2018-05-03 00:31:00
863105632576180228,,https://pbs.twimg.com/profile_images/864884782991376386/Aa77Y4lB_normal.jpg,,2018-05-03 00:31:00
15738333,https://abs.twimg.com/images/themes/theme5/bg.gif,https://pbs.twimg.com/profile_images/709450661558165504/bQAU6UBI_normal.jpg,https://pbs.twimg.com/profile_banners/15738333/1466782035,2018-05-03 00:43:49
847735496633536512,,https://pbs.twimg.com/profile_images/876031458791628801/kIEEuj06_normal.jpg,https://pbs.twimg.com/profile_banners/847735496633536512/1522838982,2018-05-03 00:44:52
817578873856659457,,https://pbs.twimg.com/profile_images/818002980553293825/KE95RmxK_normal.jpg,,2018-05-03 00:44:52
931706188588339212,,https://pbs.twimg.com/profile_images/942160005301616640/p2TEvG-7_normal.jpg,,2018-05-03 00:47:17
214544700,https://abs.twimg.com/images/themes/theme1/bg.png,https://pbs.twimg.com/profile_images/973017436617404422/dd0mDzfK_normal.jpg,https://pbs.twimg.com/profile_banners/214544700/1509068090,2018-05-03 00:47:17
958807578133389318,,https://abs.twimg.com/sticky/default_profile_images/default_profile_normal.png,,2018-05-03 00:50:21
959114422349369345,,https://abs.twimg.com/sticky/default_profile_images/default_profile_normal.png,,2018-05-03 00:50:21
963508481780322304,,https://pbs.twimg.com/profile_images/963514563961479170/V4kiroXc_normal.jpg,,2018-05-03 00:50:31
420629175,https://pbs.twimg.com/profile_background_images/449595496/gazeteci_cocuk.jpg,https://pbs.twimg.com/profile_images/976780516170100736/yPqP7SPX_normal.jpg,https://pbs.twimg.com/profile_banners/420629175/1409392742,2018-05-03 00:50:31
914008442364248065,,https://pbs.twimg.com/profile_images/965092314061271041/YulmKT0S_normal.jpg,https://pbs.twimg.com/profile_banners/914008442364248065/1510544026,2018-05-03 00:50:31
829833949711052805,,https://pbs.twimg.com/profile_images/928785376969289729/LZt10CGO_normal.jpg,https://pbs.twimg.com/profile_banners/829833949711052805/1510274672,2018-05-03 00:56:35
704391334128394240,https://abs.twimg.com/images/themes/theme1/bg.png,https://pbs.twimg.com/profile_images/989965428377219072/Lll2k096_normal.jpg,https://pbs.twimg.com/profile_banners/704391334128394240/1524861245,2018-05-03 00:58:00
919622839556337664,https://abs.twimg.com/images/themes/theme1/bg.png,https://pbs.twimg.com/profile_images/919627465206763521/skgRrml2_normal.jpg,https://pbs.twimg.com/profile_banners/919622839556337664/1515988937,2018-05-03 00:58:00
327610738,https://abs.twimg.com/images/themes/theme1/bg.png,https://pbs.twimg.com/profile_images/990000777354792963/t3u2X-5F_normal.jpg,https://pbs.twimg.com/profile_banners/327610738/1521747439,2018-05-03 01:33:13
2177097448,https://abs.twimg.com/images/themes/theme1/bg.png,https://pbs.twimg.com/profile_images/991735826836008960/2BBCPOon_normal.jpg,https://pbs.twimg.com/profile_banners/2177097448/1525229821,2018-05-03 01:33:13
360308302,https://abs.twimg.com/images/themes/theme1/bg.png,https://pbs.twimg.com/profile_images/2200695438/image_normal.jpg,https://pbs.twimg.com/profile_banners/360308302/1370220786,2018-05-03 01:36:23
591505507,https://pbs.twimg.com/profile_background_images/657618258/7cgdyfbog9hj94jxvt9g.jpeg,https://pbs.twimg.com/profile_images/988623178648842240/D4xNwvKd_normal.jpg,https://pbs.twimg.com/profile_banners/591505507/1524788262,2018-05-03 01:36:29
932891839312654336,,https://pbs.twimg.com/profile_images/946488237899505665/eRoos4Zj_normal.jpg,https://pbs.twimg.com/profile_banners/932891839312654336/1519090055,2018-05-03 01:48:50
1374607968,https://abs.twimg.com/images/themes/theme1/bg.png,https://pbs.twimg.com/profile_images/441779382370066432/gDOb2PMl_normal.jpeg,https://pbs.twimg.com/profile_banners/1374607968/1377742494,2018-05-03 02:02:55
874808244379766784,,https://pbs.twimg.com/profile_images/874813747126128640/sE0IcgjY_normal.jpg,,2018-05-03 02:12:52
490794413,https://abs.twimg.com/images/themes/theme1/bg.png,https://pbs.twimg.com/profile_images/892979478187483138/lqCry53F_normal.jpg,,2018-05-03 02:23:27
985274562744119298,,https://pbs.twimg.com/profile_images/985276596637450240/_LCTm8JG_normal.jpg,https://pbs.twimg.com/profile_banners/985274562744119298/1523744886,2018-05-03 02:25:56
801534913254195200,,https://pbs.twimg.com/profile_images/981464312140259330/N9o_15RH_normal.jpg,https://pbs.twimg.com/profile_banners/801534913254195200/1519496247,2018-05-03 02:25:56
775432673439338497,,https://pbs.twimg.com/profile_images/776756977510649856/GG-SYxc7_normal.jpg,https://pbs.twimg.com/profile_banners/775432673439338497/1482880966,2018-05-03 02:27:30
903386195207626752,,https://pbs.twimg.com/profile_images/914277429895733248/s669S86t_normal.jpg,https://pbs.twimg.com/profile_banners/903386195207626752/1504307303,2018-05-03 02:29:32
818376740053495808,,https://pbs.twimg.com/profile_images/818475038961582080/P99BtgGK_normal.jpg,https://pbs.twimg.com/profile_banners/818376740053495808/1483974740,2018-05-03 02:35:33
843124666931822592,https://abs.twimg.com/images/themes/theme1/bg.png,https://pbs.twimg.com/profile_images/845340862850715648/6zWNbZz8_normal.jpg,https://pbs.twimg.com/profile_banners/843124666931822592/1490379718,2018-05-03 02:35:33
556246733,https://abs.twimg.com/images/themes/theme1/bg.png,https://pbs.twimg.com/profile_images/970869714619699201/BNJw-obN_normal.jpg,https://pbs.twimg.com/profile_banners/556246733/1516643461,2018-05-03 02:49:32
754894004328787968,https://abs.twimg.com/images/themes/theme1/bg.png,https://pbs.twimg.com/profile_images/782781138855202816/X5_PYn_N_normal.jpg,https://pbs.twimg.com/profile_banners/754894004328787968/1475465251,2018-05-03 02:50:07
2596413645,https://abs.twimg.com/images/themes/theme1/bg.png,https://pbs.twimg.com/profile_images/974741035669585920/-hDq76yF_normal.jpg,https://pbs.twimg.com/profile_banners/2596413645/1525135626,2018-05-03 02:56:17
3762456856,https://abs.twimg.com/images/themes/theme1/bg.png,https://pbs.twimg.com/profile_images/859069882339647489/ksCEM1Xk_normal.jpg,https://pbs.twimg.com/profile_banners/3762456856/1521223976,2018-05-03 02:56:17
1690876802,https://abs.twimg.com/images/themes/theme1/bg.png,https://pbs.twimg.com/profile_images/528202092477837313/53v-MY57_normal.jpeg,https://pbs.twimg.com/profile_banners/1690876802/1414768457,2018-05-03 03:04:35
547524046,https://pbs.twimg.com/profile_background_images/378800000178732123/eRkNhP-o.jpeg,https://pbs.twimg.com/profile_images/990651766126493696/y3UGB1pw_normal.jpg,https://pbs.twimg.com/profile_banners/547524046/1512320630,2018-05-03 03:06:07
2173508552,https://abs.twimg.com/images/themes/theme14/bg.gif,https://pbs.twimg.com/profile_images/944006992418533378/EJNB4dhy_normal.jpg,https://pbs.twimg.com/profile_banners/2173508552/1419941456,2018-05-03 03:06:16
897619242,https://pbs.twimg.com/profile_background_images/565105158837637120/OmbxHQXw.png,https://pbs.twimg.com/profile_images/738330270022012928/yG3HwaeQ_normal.jpg,https://pbs.twimg.com/profile_banners/897619242/1522055600,2018-05-03 03:06:16
2525078319,https://abs.twimg.com/images/themes/theme1/bg.png,https://pbs.twimg.com/profile_images/579600391928709120/X7ivZyMA_normal.jpg,https://pbs.twimg.com/profile_banners/2525078319/1427022624,2018-05-03 03:16:34
760544961246801921,,https://pbs.twimg.com/profile_images/818673411715112961/VyaD9oZD_normal.jpg,https://pbs.twimg.com/profile_banners/760544961246801921/1484021925,2018-05-03 03:20:26
963106200,https://abs.twimg.com/images/themes/theme1/bg.png,https://pbs.twimg.com/profile_images/802440445565485056/6nmoI2cw_normal.jpg,https://pbs.twimg.com/profile_banners/963106200/1480151666,2018-05-03 03:38:40
241659517,https://abs.twimg.com/images/themes/theme14/bg.gif,https://pbs.twimg.com/profile_images/3598079113/ee6f4c716aa7c02d4690009277b2997a_normal.png,,2018-05-03 03:38:40
806465743957225474,https://abs.twimg.com/images/themes/theme1/bg.png,https://pbs.twimg.com/profile_images/978744209921495040/p69OBpEf_normal.jpg,https://pbs.twimg.com/profile_banners/806465743957225474/1523639503,2018-05-03 03:45:37
991369146976931840,,https://pbs.twimg.com/profile_images/991379337327861760/qvj30ASi_normal.jpg,https://pbs.twimg.com/profile_banners/991369146976931840/1525198304,2018-05-03 03:48:37
857317944669466624,,https://pbs.twimg.com/profile_images/877461459642535936/4vA4O6lC_normal.jpg,https://pbs.twimg.com/profile_banners/857317944669466624/1493905237,2018-05-03 03:48:37
2879420413,https://abs.twimg.com/images/themes/theme1/bg.png,https://pbs.twimg.com/profile_images/986994344447049730/vSN1bEMW_normal.jpg,https://pbs.twimg.com/profile_banners/2879420413/1505097313,2018-05-03 03:51:30
898224650177662977,,https://pbs.twimg.com/profile_images/988462972845600769/kuJMEXHX_normal.jpg,https://pbs.twimg.com/profile_banners/898224650177662977/1523878113,2018-05-03 04:05:00
724984265994285056,https://abs.twimg.com/images/themes/theme19/bg.gif,https://pbs.twimg.com/profile_images/889964143263891456/WLtZUDiF_normal.jpg,https://pbs.twimg.com/profile_banners/724984265994285056/1501533097,2018-05-03 04:05:00
440336544,https://abs.twimg.com/images/themes/theme1/bg.png,https://pbs.twimg.com/profile_images/898248810106953728/QFlLcstm_normal.jpg,https://pbs.twimg.com/profile_banners/440336544/1522432296,2018-05-03 04:09:20
580829419,https://abs.twimg.com/images/themes/theme1/bg.png,https://pbs.twimg.com/profile_images/987540401979510785/NRl0NH0S_normal.jpg,https://pbs.twimg.com/profile_banners/580829419/1524282956,2018-05-03 04:17:10
18118505,https://abs.twimg.com/images/themes/theme4/bg.gif,https://pbs.twimg.com/profile_images/1027102844/4bc1a413f455279fb410e8089048c4e2_normal.jpeg,,2018-05-03 04:17:10
71026395,https://abs.twimg.com/images/themes/theme1/bg.png,https://pbs.twimg.com/profile_images/878464846064472065/UOXcfU1E_normal.jpg,https://pbs.twimg.com/profile_banners/71026395/1503785850,2018-05-03 04:19:35
31270875,https://pbs.twimg.com/profile_background_images/18376291/nvglowingbeach_twitter.br.jpg,https://pbs.twimg.com/profile_images/985579356507590656/LqEpfifG_normal.jpg,https://pbs.twimg.com/profile_banners/31270875/1523815103,2018-05-03 04:19:35
738153522277945344,,https://pbs.twimg.com/profile_images/834139501819596800/slmjJcW0_normal.jpg,https://pbs.twimg.com/profile_banners/738153522277945344/1487716828,2018-05-03 04:19:35
98996662,https://abs.twimg.com/images/themes/theme1/bg.png,https://pbs.twimg.com/profile_images/895373494694715392/j1p5tC0O_normal.jpg,https://pbs.twimg.com/profile_banners/98996662/1521147234,2018-05-03 04:19:43
855412122469183488,,https://pbs.twimg.com/profile_images/855421573733416961/LSLSYoyk_normal.jpg,https://pbs.twimg.com/profile_banners/855412122469183488/1492785292,2018-05-03 04:19:43
3439451811,https://abs.twimg.com/images/themes/theme1/bg.png,https://pbs.twimg.com/profile_images/991748218458398721/DV3cUQ6J_normal.jpg,https://pbs.twimg.com/profile_banners/3439451811/1522533139,2018-05-03 04:21:28
972018874014224384,,https://pbs.twimg.com/profile_images/979434651809873921/Mc-NtZnH_normal.jpg,https://pbs.twimg.com/profile_banners/972018874014224384/1523165279,2018-05-03 04:21:28
2532821389,https://abs.twimg.com/images/themes/theme1/bg.png,https://pbs.twimg.com/profile_images/902952857959313409/R0uxTzjk_normal.jpg,https://pbs.twimg.com/profile_banners/2532821389/1401633254,2018-05-03 04:24:40
2897665331,https://abs.twimg.com/images/themes/theme1/bg.png,https://pbs.twimg.com/profile_images/879298747372580864/jMe2dA8T_normal.jpg,https://pbs.twimg.com/profile_banners/2897665331/1456113819,2018-05-03 04:24:40
526110917,https://abs.twimg.com/images/themes/theme18/bg.gif,https://pbs.twimg.com/profile_images/827725953400971264/6sy3AJzx_normal.jpg,https://pbs.twimg.com/profile_banners/526110917/1509292691,2018-05-03 04:24:40
2290222724,https://abs.twimg.com/images/themes/theme1/bg.png,https://pbs.twimg.com/profile_images/423867652088426496/BAeuKPvA_normal.jpeg,,2018-05-03 04:29:48
1442695026,https://abs.twimg.com/images/themes/theme14/bg.gif,https://pbs.twimg.com/profile_images/939056456787099648/UiO13oWL_normal.jpg,https://pbs.twimg.com/profile_banners/1442695026/1512723518,2018-05-03 04:38:13
944241782501597185,,https://pbs.twimg.com/profile_images/945547264684109826/hdO-wiT2_normal.jpg,,2018-05-03 05:03:05
92460378,https://pbs.twimg.com/profile_background_images/570582684699619328/SfOp4ecT.jpeg,https://pbs.twimg.com/profile_images/980829217230290944/Upip9Hae_normal.jpg,https://pbs.twimg.com/profile_banners/92460378/1496982164,2018-05-03 05:18:24
767854763211886593,,https://pbs.twimg.com/profile_images/798165578636820480/WWUexjly_normal.jpg,,2018-05-03 05:18:24
894945255329497088,,https://pbs.twimg.com/profile_images/895032312655695873/TnhPteaM_normal.jpg,https://pbs.twimg.com/profile_banners/894945255329497088/1502227379,2018-05-03 05:20:39
723206253296640000,,https://pbs.twimg.com/profile_images/982159551091720196/lAKHXWtU_normal.jpg,https://pbs.twimg.com/profile_banners/723206253296640000/1524349093,2018-05-03 05:20:39
811487629732519936,,https://pbs.twimg.com/profile_images/991121494154461189/J_7eCpQX_normal.jpg,https://pbs.twimg.com/profile_banners/811487629732519936/1514019444,2018-05-03 05:26:45
287843201,https://abs.twimg.com/images/themes/theme15/bg.png,https://pbs.twimg.com/profile_images/908838288454164480/klkQ1PVl_normal.jpg,https://pbs.twimg.com/profile_banners/287843201/1477714703,2018-05-03 05:26:45
954124423,https://abs.twimg.com/images/themes/theme1/bg.png,https://pbs.twimg.com/profile_images/677625882924699650/nIWmm6ug_normal.jpg,https://pbs.twimg.com/profile_banners/954124423/1479543220,2018-05-03 05:27:09
829206914496094209,,https://pbs.twimg.com/profile_images/882794941004382208/5HK_EFUl_normal.jpg,https://pbs.twimg.com/profile_banners/829206914496094209/1499311192,2018-05-03 05:27:09
4764985268,https://abs.twimg.com/images/themes/theme1/bg.png,https://pbs.twimg.com/profile_images/739911319017693184/sUni1Gvn_normal.jpg,https://pbs.twimg.com/profile_banners/4764985268/1452898917,2018-05-03 05:34:52
2565653759,https://abs.twimg.com/images/themes/theme1/bg.png,https://pbs.twimg.com/profile_images/869998976954765312/qm9ltWP4_normal.jpg,https://pbs.twimg.com/profile_banners/2565653759/1476555401,2018-05-03 05:34:52
837856498835283970,https://abs.twimg.com/images/themes/theme1/bg.png,https://pbs.twimg.com/profile_images/931318672332808192/nbGHX65Y_normal.jpg,https://pbs.twimg.com/profile_banners/837856498835283970/1510367514,2018-05-03 05:42:53
925605007482851328,,https://pbs.twimg.com/profile_images/933393365634371584/mq8AmTE8_normal.jpg,https://pbs.twimg.com/profile_banners/925605007482851328/1523043455,2018-05-03 05:43:43
1493827735,https://abs.twimg.com/images/themes/theme1/bg.png,https://pbs.twimg.com/profile_images/964277377445650432/vGZgvMdg_normal.jpg,https://pbs.twimg.com/profile_banners/1493827735/1517460503,2018-05-03 05:43:43
599782570,https://pbs.twimg.com/profile_background_images/378800000179975986/dBbB6Li9.jpeg,https://pbs.twimg.com/profile_images/949630955370655745/G76JtAEC_normal.jpg,https://pbs.twimg.com/profile_banners/599782570/1472641333,2018-05-03 05:50:30
869193235918454786,,https://pbs.twimg.com/profile_images/875464015337730048/Cta3L18Q_normal.jpg,https://pbs.twimg.com/profile_banners/869193235918454786/1497561869,2018-05-03 05:50:30
280921458,https://pbs.twimg.com/profile_background_images/722007459/863cf8624616e8572ae68c440055fe49.jpeg,https://pbs.twimg.com/profile_images/790649227860901889/UogPoqfx_normal.jpg,https://pbs.twimg.com/profile_banners/280921458/1477340442,2018-05-03 05:51:47
1137779952,https://pbs.twimg.com/profile_background_images/378800000049804709/a154fe262e08e880fa8f08df9841130d.jpeg,https://pbs.twimg.com/profile_images/979830118074941440/DijFqbZa_normal.jpg,https://pbs.twimg.com/profile_banners/1137779952/1523356650,2018-05-03 05:51:47
326003773,https://abs.twimg.com/images/themes/theme8/bg.gif,https://pbs.twimg.com/profile_images/764635441945579524/SNyfig3b_normal.jpg,https://pbs.twimg.com/profile_banners/326003773/1455833236,2018-05-03 05:53:26
180131554,https://abs.twimg.com/images/themes/theme1/bg.png,https://pbs.twimg.com/profile_images/810515594307108868/NiIjbdpU_normal.jpg,,2018-05-03 05:53:26
2695922588,https://abs.twimg.com/images/themes/theme1/bg.png,https://pbs.twimg.com/profile_images/981858580381949957/csVTJzI6_normal.jpg,https://pbs.twimg.com/profile_banners/2695922588/1522928303,2018-05-03 05:56:21
980747573077135360,,https://abs.twimg.com/sticky/default_profile_images/default_profile_normal.png,,2018-05-03 05:56:21
1142312972,https://abs.twimg.com/images/themes/theme1/bg.png,https://pbs.twimg.com/profile_images/970636577297911808/K7hElxQB_normal.jpg,https://pbs.twimg.com/profile_banners/1142312972/1520253277,2018-05-03 05:59:34
829611235,https://abs.twimg.com/images/themes/theme1/bg.png,https://pbs.twimg.com/profile_images/830657233625214977/t5_hHhIw_normal.jpg,https://pbs.twimg.com/profile_banners/829611235/1509295421,2018-05-03 05:59:34
