id,media_id,type,url
991433704575852544,991433693410492417,photo,https://pbs.twimg.com/media/DcJHsPoWAAEMvmM.jpg
991433704575852544,991433693418975232,photo,https://pbs.twimg.com/media/DcJHsPqXcAAfDRf.jpg
991433704575852544,991433693427269632,photo,https://pbs.twimg.com/media/DcJHsPsWAAAnvGl.jpg
991433704575852544,991433693431500800,photo,https://pbs.twimg.com/media/DcJHsPtWkAA3Amb.jpg
991558444195991552,991556513276678144,video,https://pbs.twimg.com/ext_tw_video_thumb/991556513276678144/pu/img/kvY_0XXtg8ZthI_1.jpg
991557250656407552,991557207559991297,photo,https://pbs.twimg.com/media/DcK4BtsXcAE_7Q0.jpg
991557250656407552,991557231140397061,photo,https://pbs.twimg.com/media/DcK4DFiX4AUthOv.jpg
968061890344693760,968061886280404992,photo,https://pbs.twimg.com/media/DW8_KBRWkAAyIuN.jpg
991150407463374848,991150393261518848,photo,https://pbs.twimg.com/media/DcFGCAVXcAA7_v2.jpg
991150407463374848,991150399473225728,photo,https://pbs.twimg.com/media/DcFGCXeWkAAQ3eQ.jpg
991683366671052801,991683360379621381,photo,https://pbs.twimg.com/media/DcMqwxkX0AUeEWT.jpg
991521489731182592,991521463424507905,photo,https://pbs.twimg.com/media/DcKXhIaX4AEZDk6.jpg
982702283459788800,982702276514021376,photo,https://pbs.twimg.com/media/DaNCg4-WAAAyqNF.jpg
991735282943881219,991734826872000513,photo,https://pbs.twimg.com/media/DcNZkhMW0AE2l0p.jpg
991710184492978177,991710071607513089,photo,https://pbs.twimg.com/media/DcNDDkpX0AEi87G.jpg
991710184492978177,991710071590703105,photo,https://pbs.twimg.com/media/DcNDDklXUAEC2IW.jpg
991710184492978177,991710151357935623,photo,https://pbs.twimg.com/media/DcNDINvWsAc6kQt.jpg
991747353467146243,991747335674834945,photo,https://pbs.twimg.com/media/DcNk8oHWsAEeAP-.jpg
991694921806598144,991694920078577666,photo,https://pbs.twimg.com/media/DcM1RozX0AIzw3h.jpg
991663540900687873,991663473674272770,photo,https://pbs.twimg.com/media/DcMYrN0VwAIZ4qG.jpg
985080449755119617,985080442071207936,photo,https://pbs.twimg.com/media/Dau1cWDW0AAcSXi.jpg
737710858709540865,737710856377503744,photo,https://pbs.twimg.com/media/CjzgHYVUkAAEdSd.jpg
991739207629594626,991739175195070465,photo,https://pbs.twimg.com/media/DcNdhn9XUAE43Is.jpg
988042668612694019,988042648157151232,photo,https://pbs.twimg.com/media/DbY7jbpX4AArHJS.jpg
991761874843648000,991761865964380160,photo,https://pbs.twimg.com/media/DcNyKZqV4AAMLer.png
991431269513756672,991431043860258816,video,https://pbs.twimg.com/ext_tw_video_thumb/991431043860258816/pu/img/OFEIIuHrsrAq9b7X.jpg
991769072277782529,991769061523578880,photo,https://pbs.twimg.com/media/DcN4tPNV4AAw5Oe.jpg
991726590445826048,991477136522268672,photo,https://pbs.twimg.com/media/DcJvM91U0AAlgwB.jpg
990631636868923400,990631635644272645,photo,https://pbs.twimg.com/media/Db9uOVnXUAUY4HM.jpg
987417286679121925,987417274410729472,photo,https://pbs.twimg.com/media/DbQCx45WAAAeGHy.jpg
739904334079643653,739904330258604032,photo,https://pbs.twimg.com/media/CkSrEXTWYAARwpW.jpg
986287511927443457,986287504654553095,photo,https://pbs.twimg.com/media/Da__QolXUAcEnVH.jpg
991658119699759104,991403800056422400,video,https://pbs.twimg.com/amplify_video_thumb/991403800056422400/img/fBmmDwi0vjwNW82F.jpg
991644818173546496,991644756877901824,photo,https://pbs.twimg.com/media/DcMHpwUWAAA2h6g.jpg
991791767652515840,991791504460075008,photo,https://pbs.twimg.com/media/DcONHlqX0AA_ZvW.jpg
991413256714641410,991413253229170689,photo,https://pbs.twimg.com/media/DcI1GeBW0AEsP5f.jpg
989537339516047361,989537329093242880,photo,https://pbs.twimg.com/media/DbuK9UCXcAAPweA.jpg
988874737672744962,988874721499471872,photo,https://pbs.twimg.com/media/DbkwUeZW4AAHJV3.jpg
712620572249890816,712620569284513792,photo,https://pbs.twimg.com/media/CeO8odPXEAAhvP4.jpg
991804155122536449,991804151112740865,photo,https://pbs.twimg.com/media/DcOYnuHVMAE6pvK.jpg
991803876612374528,991803803363143680,photo,https://pbs.twimg.com/media/DcOYTepXcAARcCD.jpg
991803876612374528,991803803363094530,photo,https://pbs.twimg.com/media/DcOYTepWsAIhXXI.jpg
991803876612374528,991803803371556864,photo,https://pbs.twimg.com/media/DcOYTerX0AApnRO.jpg
991803876612374528,991803803396722689,photo,https://pbs.twimg.com/media/DcOYTexX0AEBguX.jpg
991730160763207680,991730158175305728,photo,https://pbs.twimg.com/media/DcNVUw8UwAA2QZG.jpg
990917102566600704,990917055481335809,photo,https://pbs.twimg.com/media/DcBxz9XXUAEz6h5.jpg
991314587461939200,991314521561149441,photo,https://pbs.twimg.com/media/DcHbTh5WsAEGw1h.jpg
991742389214765057,991742372160638976,photo,https://pbs.twimg.com/media/DcNgbtlWkAAp-hZ.jpg
991742425734569985,991742402879721473,photo,https://pbs.twimg.com/media/DcNgdgBWkAEE5v6.jpg
991810393034158080,991800959134240768,video,https://pbs.twimg.com/ext_tw_video_thumb/991800959134240768/pu/img/PQPXtqE_KJ_a7qJU.jpg
991128687805370370,990774460272685062,photo,https://pbs.twimg.com/media/Db_wH00VMAYYiNl.jpg
991128687805370370,990774470662021120,photo,https://pbs.twimg.com/media/Db_wIbhV4AA_ozD.jpg
985349652831768576,985349642064945152,photo,https://pbs.twimg.com/media/DayqR2LW4AAeNw9.jpg
991806155608543233,991806144963399681,photo,https://pbs.twimg.com/media/DcOabxyX0AEITp_.jpg
991899708061863937,991899706816155648,photo,https://pbs.twimg.com/media/DcPvhy2XUAAQFR4.jpg
991660402244108289,991660372951105536,photo,https://pbs.twimg.com/media/DcMV2uuVAAAJtA7.jpg
991790291114917890,991790231031635968,photo,https://pbs.twimg.com/media/DcOL9dxX4AAa2Rf.jpg
991314489885839360,991314468117282816,photo,https://pbs.twimg.com/media/DcHbQazWAAAp6Mj.jpg
984469208888045568,967004909857058816,video,https://pbs.twimg.com/ext_tw_video_thumb/967004909857058816/pu/img/2XiYYdesMPykuHl2.jpg
991902246777405440,991902242440609792,photo,https://pbs.twimg.com/media/DcPx1YyWAAAvdkW.jpg
