id,lang,text
991433704575852544,en,More photos of police brutality today in Istanbul #1MayÄ±s #1May #MayDay https://t.co/csYXm91kMQ
991686033669488640,tr,"@Umit_Burcundan Kesinlikle KatÄ±lmadÄ±ÄŸÄ±m Bir Fikir. YÄ±llardÄ±r FarklÄ± Beyan Edenlerin Hali Ortada Olunca, Kimse Fikir Beyan Edemez Oldu. Ãœretemeyen Bir Nesil YetiÅŸti. Veya YetiÅŸtirdik? AklÄ±nÄ± Kiraya Verenler Sadece AKP TabanÄ± Olmasa Gerek. Hala Kimse EleÅŸtirmesin Diye FarklÄ± Yazanlar Var. Entersn"
991691846731649025,tr,"Hizmet insanlarÄ± iÃ§in ""aklÄ±nÄ± kira verenler"" ifadesini kullananlar bana Ã§ok ukala geliyor. Kimsenin aklÄ± sizden geri filan deÄŸil. Tenkiti deÄŸil hiÃ§biÅŸey Ã¼retmediÄŸi halde tenkit edenleri verdim nazara. OkuduÄŸunuzu iyi anlayÄ±nÄ±z ! https://t.co/mV4DgfXC9s"
991102360733745157,tr,Sn. @UVeraTuna hanÄ±mefendi vefat eden #EsmaUludaÄŸ Ä±n gÃ¶rÃ¼ntÃ¼lerine dayanamayarak acile kaldÄ±rÄ±lmÄ±ÅŸ. Rabbim acil ÅŸifalar versin. LÃ¼tfen kendinize dikkat ediniz. MÃ¼mkÃ¼nse biraz haberlere bakmayÄ±n. YazdÄ±ÄŸÄ± not aynen ÅŸÃ¶yle: https://t.co/iCDn6TTVMT
991694254278959104,tr,"AYM, cezaevinde kitap yasaÄŸÄ±nÄ± hukuka aykÄ±rÄ± buldu https://t.co/J1qZyrzHbO"
991476607251460096,en,"""End DACA, unlawful from the get go!'  @POTUS @VP @SenTedCruz  @kelliwardaz  @RealErinCruz  @RealOmarNavarro  @AjaforCongress  @Johnny_Congress  @AntonioSabatoJr  @DiamondandSilk   Texas among states filing DACA lawsuit to end 'unlawful' program https://t.co/D7lAAHOXz8 #dog_lb"
991512017667174400,en,"You know youâ€™re a Leftist Democrat, when you applaud like a jackass at a vile potty mouth like @michelleisawolf, when in truth, you recognize that she has vaulted womenâ€™s and civil rights back into the dark ages.   #IfSlaveryWasAChoice  #WHCD  #KeepAmericaGreat   @GrrrGraphics https://t.co/Fv3kjuyrFI"
991699086108577792,en,Liberal hate makes them look like jackasses. https://t.co/dVJWRz4GbZ
991646124489498624,ar,"ÙˆÙ‚Ø§Ù„ Ù…Ø­Ù…Ø¯ Ø´Ù…Ø³ Ø§Ù„Ø¯ÙŠÙ†ØŒ ÙˆÙ‡Ùˆ ÙƒØ±Ø¯ÙŠ Ù†Ø²Ø­ Ø¥Ù„Ù‰ Ø¹Ù†ØªØ§Ø¨ ÙÙŠ ØªØ±ÙƒÙŠØ§ Ù…Ù†Ø° Ø¨Ø¯Ø¡ Ø¹Ù…Ù„ÙŠØ© ØºØµÙ† Ø§Ù„Ø²ÙŠØªÙˆÙ† ""ÙÙŠ Ø§Ù„Ø¢ÙˆÙ†Ø© Ø§Ù„Ø£Ø®ÙŠØ±Ø©ØŒ Ø­Ø§ÙˆÙ„ Ø£Ø­Ø¯ Ø£ØµØ¯Ù‚Ø§Ø¦ÙŠ ÙˆØ§Ø¨Ù†Ù‡ Ø§Ù„Ø¯Ø®ÙˆÙ„ Ø¥Ù„Ù‰ Ù…Ù†Ø·Ù‚Ø© ØªØ³ÙŠØ·Ø± Ø¹Ù„ÙŠÙ‡Ø§ ØªØ±ÙƒÙŠØ§ØŒ ÙˆÙ„Ù… ÙŠÙØ³Ù…Ø­ Ù„Ù‡ Ø¨Ø§Ù„Ø¯Ø®ÙˆÙ„ØŒ Ù„Ø£Ù† [Ø§Ù„Ø­Ø±Ø§Ø³ Ù‚Ø§Ù„ÙˆØ§ Ù„Ù‡] Ø¥Ù†Ù‡ ÙƒØ±Ø¯ÙŠ Ù…Ù† Ø¹ÙØ±ÙŠÙ†..!!"
991649165460541442,en,"Recently, one of my friends and his son tried to go back to Efrin,"" said Mohammad Shams al-Din, a Kurd who had been displaced since ethnic cleansing began. To an area controlled by Turkey, he was not allowed to enter, because [the guards told him] that he was Kurdish from Efrin. https://t.co/m5ORsyYSjQ"
991553694788476928,tr,"Yeni Åafak'Ä±n manÅŸetine gÃ¶re AKP seÃ§im beyannamesinde ÅŸÃ¶yle diyecekmiÅŸ: â€œDÃ¼nya mazlumlarÄ± ve maÄŸdurlarÄ± iÃ§in adalet, Ã¶zgÃ¼rlÃ¼k ve demokrasi ideallerini savunacaÄŸÄ±z.â€ Ä°natla habire uzattÄ±ÄŸÄ±nÄ±z 20 Temmuz OHAL sÃ¼recinin mazlum ve maÄŸdurlarÄ± ortadayken size kim inanÄ±r ve gÃ¼venir?!!!!!"
991640533771534337,tr,HOKUS-POKUS- SEÃ‡SÄ°S  1. SEÃ‡SÄ°S ilk kez 2007seÃ§imlerinde kullanÄ±ldÄ±. %34 olan AKP oylarÄ± birden % 47'ye Ã§Ä±ktÄ±. SEÃ‡SÄ°S gÃ¼venliÄŸi HAVELSAN'a emanet. HAVELSAN yÃ¶netim kurulu baÅŸkanÄ± AKP'li.!!! Her seÃ§imde  yazÄ±lÄ±m uzmanÄ± 20 personeli YSK'da gÃ¶rev alÄ±yor. Kime nasÄ±l gÃ¼venelim? https://t.co/9YJi8a6PDd
991558444195991552,und,https://t.co/NqfmrogsJy
991703421207154688,en,@PinnacleSports Roma 3-0 El Sharway x2
991557250656407552,tr,Åimdi bana Bu seÃ§imin Adil (ADÄ°)olacaÄŸÄ±nÄ± anlatÄ±n hele .. https://t.co/mQRC4pKEiX
991431912953733121,tr,O yÃ¼zden deÄŸil! Millete iftira attÄ±ÄŸÄ± ve Mit elemanÄ± olduÄŸu iÃ§in. AyrÄ±ca yakÄ±nda iÃ§eri de atacaklar bu teyzeyi... https://t.co/MRZk1vS31X
991705917476474881,en,The Boy Scouts are dropping their due to complaints they not being inclusive to girls...  Where was the OUTRAGE when Non-Muslims little girls where not allowed to join the Muslim Only Girl Scout Troops!? #Frauds Scouts BSA https://t.co/0KXoTW3tAZ
968061890344693760,ur,Ù…ÛŒØ±Û’ ÙˆØ·Ù† ÛŒÛ Ø¹Ù‚ÛŒØ¯ØªÛŒÚº Ø§ÙˆØ± Ù¾ÛŒØ§Ø± ØªØ¬Ú¾ Ù¾Û Ù†Ø«Ø§Ø± Ú©Ø±Ø¯ÙˆÚº! Ù…Ø­Ø¨ØªÙˆÚº Ú©Û’ ÛŒÛ Ø³Ù„Ø³Ù„Û’ Ù„Ø§Ø²ÙˆØ§Ù„ ØªØ¬Ú¾ Ù¾Û Ù†Ø«Ø§Ø± Ú©Ø±Ø¯ÙˆÚº...!!! https://t.co/imnZLej5kw
991150407463374848,tr,BÄ°R YÄ°ÄÄ°T VARDI GÃ–MDÃœLER KARÅI BAYIRA.  RECEP GÃœNEÅ Abimiz HakkÄ±n Rahmetine KavuÅŸtu. MekÃ¢nÄ± Cennet olsun inÅŸaAllah. https://t.co/vQVt0A96Ss
991683366671052801,tr,Lan 2 yÄ±ldÄ±r Ã¶mrÃ¼mÃ¼z adliyede geÃ§iyor lan...  Lafa bak https://t.co/NQp2sU5rOz
991521489731182592,tr,"CHP, Ä°YÄ° Parti, Saadet ve DP anlaÅŸtÄ±: Muhalefetten â€˜demokrasi ittifakÄ±â€™ https://t.co/yQbGXSsc2Q https://t.co/uNZIEQi88r"
991698032214396928,tr,Demokrasi hedefinde buluÅŸmak olumlu ama Meclisâ€™te temsil edilen meÅŸru bir parti olan HDPâ€™yi dÄ±ÅŸlamak demokratik bir tavÄ±r mÄ±?! https://t.co/3ZWcUSW7qJ
991472697313054722,en,"Snoop Dogs cousin Dirk Diggler or whatever, orders a 'hit' on Kanye West on the internet. Seems ordering assassinations on the Net is fine as long as its just Black on Black crime. Especially against a escapee off the Democrat Plantation. Then it's MORE THAN FINE, Its sanctioned! https://t.co/CYHUjiSSXN"
991712260560244736,en,This is crazy. https://t.co/u5tawOK6ry
990386281288028160,en,"Oh, BOO HOOâ€¦Muslim migrants donâ€™t feel welcome in Italyâ€¦and thatâ€™s exactly how Italians want them toÂ feel https://t.co/QFY3S6C97s https://t.co/NCv0uRjlol"
991707064283156480,en,The Boy Scouts are dropping their due to complaints they not being inclusive to girls...  Where was the OUTRAGE when Non-Muslims little girls were not allowed to join the Muslim Only Girl Scout Troops!?   #Frauds Scouts BSA #WednesdayWisdom https://t.co/AB3kucxY7U
991570087474745344,tr,"MÃ¼slÃ¼man daima haklÄ±dÄ±r,hiÃ§ hata yapmaz,hiÃ§bir zaman sorumluluÄŸu Ã¼stlenmez.Ä°slam coÄŸrafyalarÄ±ndaki tÃ¼m olumsuzluklarÄ±n sorumlusu ya kafirler,ya yahudiler,ya Ã¼st akÄ±l,ya dÄ±ÅŸ gÃ¼Ã§ler,ya ÅŸer odaklarÄ±,ya da CIA benzeri dÃ¼ÅŸmanlardÄ±r!Bu aptal gerekÃ§eyi yutmaya hazÄ±r milyonlar da hazÄ±rdr"
991644298209906688,en,"Most of you guys think it's all in the nose...  But the real indicator is the ear: Theirs sits lower than Whites' &amp; tips back toward the back of the head.  Whites' ears are upright, &amp; where they attach to the head lines up with the corner of the eye.  #WednesdayWisdom https://t.co/xFNdeaXQwr"
991712671446847494,en,"In short, the reason that Muslims are once again waging war against the non-Muslim world is because they can."
982702283459788800,und,https://t.co/hiKiJAqYia
991721349449158656,en,@SomeGuyInOKC @soldierofyah but that's ok your not much use to use anyways so have it
991352772527296512,en,Netherlands fires a lawyer from govâ€™t job due to her role in witch hunt against Gulen followers   https://t.co/LjVzfyDHyu
991652159614865409,es,Holanda despide a un abogado del gobierno por su rol en la cacerÃ­a de brujas en contra de los seguidores de Gulen. #ChampionsLeague #FelizMiercoles #2deMayo  @salcedoarturo @ferezmanuel @EmbaMexTur @USEmbassyMEX @UEenMexico @ONUDHmexico @AIMexico @sercancan32151 @jenarovillamil https://t.co/DTxVF7DalT
991707038072717313,en,But Christian only boy scout troops are not allowed! But a Christian boy or girl can join the Muslim only scout troop as long as they convert! Need I go into detail whats happening here! https://t.co/g78B2e1xBE
991724352595996672,de,SkandalÃ¶s: Seit Januar schweigt die lokale Presse!! SÃ¤ugling stirbt bereits am 12. Januar in #GÃ¶ttingen an Ã¤usserer Gewalteinwirkung! Die Eltern (TÃ¤ter!!) aus dem Kaukasus sind-wie sollte es  in DE auch sein- auf freiem FuÃŸ!!  https://t.co/lhDncfaO7j
991358988536119296,tr,TahammÃ¼l fersa hadiseler karÅŸÄ±sÄ±nda bir baba... Allah sabÄ±r ve dayanma gÃ¼cÃ¼ versin. Bu arada bu insani drama seyirci kalmayan Almanyaâ€™ya da teÅŸekkÃ¼r ve tebrikler. https://t.co/MjJHHswY68
991693417624334342,en,JUST GOOGLE the names of the Kurdish cities of Nusaybin Sirnak Cizre &amp; Sur plus 'Kurds' to see how your tourism money is spent by the racist Govt in #Turkey. #boycottturkeytourism https://t.co/I2Q47rR0jb
991723996054937601,en,Homecoming for Mohamed Salah but his task is to wreck Roma to so Liverpool will reach #UCLfinal. Odds for Reds winning the game is 2.47 while a home win is 2.65. Bet on this game now at https://t.co/h0FeLCs775   #ROMLIV https://t.co/7iCcu7NSdg
991725587860459520,en,"Sameâ€™s happening to Kurds in Syria as in Iraq. Kurds fighting Daesh w/US coalition. Yet in #Afrin, #Turkey killed Kurds, displaced Kurds &amp;sent other citizens to take Kurdsâ€™ homes. @LindseyGrahamSC @SecPompeo , Will US protect Kurds from Turkey? If not Kurds wonâ€™t trust us anymore https://t.co/kg55CIiI1n"
991689003408740352,tr,AKP'NÄ°N MÄ°LLÄ° SPORU: KUMAR! Kumar masasÄ±nda gÃ¶rÃ¼ntÃ¼lenen  AKP TekirdaÄŸ Milletvekili Metin AkgÃ¼n: 'Bunlar bizim Ã¶zel iÅŸlerimiz' Binali'nin tosunu da Singapur'da kumar masasÄ±nda gÃ¶rÃ¼ntÃ¼lenmiÅŸti. https://t.co/XIyVHxiOVL
988146901173329921,tr,Hizb-ut Tahrir #LÃ¼bnan Vilayeti KadÄ±n KollarÄ± #Hilafet'in Ä°kamesi Ä°Ã§in GÃ¶steri  #HilafetiÄ°kameEdin #ReturnTheKhilafah #Ø£Ù‚ÙŠÙ…ÙˆØ§_Ø§Ù„Ø®Ù„Ø§ÙØ©  https://t.co/JHefhBho0m https://t.co/nvClNFXKBv
991710689717817346,en,Are there Christian-Only or Jewish-Only Girl Scout Troops!?  Why are the Boy Scouts and Girl Scouts allowed to create â€˜Muslim-Onlyâ€™ Supremacist Scout troops in America?  Will the new inclusive Scouts BSA allow these discriminatory troops to still function!?  #WednesdayWisdom https://t.co/UwkavgyWa9
991738613242228738,in,@ArgeAmed12 4 namusu
991735282943881219,ar,Ø§Ù„Ù„Ø¹Ù†Ø© https://t.co/lOOXqbaVVd
991737676507250693,ca,"Avui fa 35 anys era assassinat Mehmet Karasungur, fundador del PKK i primer comandant de la guerrilla  https://t.co/KGGhPIRSAS https://t.co/RlZ0GGffxM"
991370923524673536,en,"'By what law?' #Kurds locked out of #Afrin as #Ghouta refugees take their place  Excellent article from Ammar Hamou, about the Horrific circumstances of those Cleansed from #Afrin, their homes Stolen &amp; Offered Free of Charge to New Arrivals  https://t.co/ZT52PVkZIe @MiddleEastEye"
991413646625574912,en,"These rebels expelled thousands of Kurds from #Efrin, looted the region, gave the remaining houses to Arab refugees and now think they can make it all okay by waving a single Kurdish flag. #Syria #twitterkurds https://t.co/Zh4enJmMmZ"
991744342657323008,tr,KÃ¼rdistan bÃ¶lge bayraÄŸÄ±nÄ±n bu DAIÅ ve El Nusra artÄ±ÄŸÄ± Ã§eteler tarafÄ±ndan bÃ¶yle gÃ¶sterilmesi Ã§ok bilinÃ§li aldatma Ã§abasÄ±ndan baÅŸka birÅŸey deÄŸildir.... Orada KÃ¼rt olduÄŸunu da sanmÄ±yorum. Zaten ENKS bizi oraya sokmuyorlar dedi... https://t.co/Let8PPw180
868018699617406976,tr,"Ä°slam gerÃ§ekten Mekke iÃ§in tasarlanmÄ±ÅŸ bir dindir. Ã‡ok zorluyorsun, fazla ciddiye alÄ±yorsun. Kendini gÃ¼lÃ¼nÃ§ durumlara dÃ¼ÅŸÃ¼rÃ¼yorsun. https://t.co/hMjOjTccB4"
991600764006125568,tr,"Akit yazarÄ±:""Muhalefet Ã§oÄŸunluÄŸu saÄŸlarsa CumhurbaÅŸkanÄ± buna izin vermez erken seÃ§ime gidilir ta ki cumhur ittifakÄ± Ã§oÄŸunluÄŸu saÄŸlayana kadar"" diyeli birkaÃ§ saat oldu https://t.co/ofckBahyss"
991649284859879424,tr,"ArÄ±nÃ§ da dÃ¼n ne demiÅŸti: â€œYazÄ± da Ã§Ä±ksa tura da Ã§Ä±ksa seÃ§imi ErdoÄŸan kazanÄ±r.â€  Ãœniversitede hocalarÄ±mÄ±z, â€œÄ°slamcÄ±lar iktidara seÃ§imle gelir ama seÃ§imle gitmezlerâ€ dediklerinde, Ã¶nyargÄ±lÄ± olduklarÄ±nÄ± dÃ¼ÅŸÃ¼nÃ¼p ne Ã§ok tartÄ±ÅŸmÄ±ÅŸtÄ±k. Oysa gerÃ§eÄŸi sÃ¶ylÃ¼yorlarmÄ±ÅŸ. https://t.co/6P6x513JJz"
991698547769774080,tr,"YaÅŸlÄ± bir kadÄ±nÄ± sokak ortasÄ±nda bu hale getirenlere polis denmez, bu alÃ§aklar sÃ¼rÃ¼sÃ¼ne partizan milis ve hatta ancak ÅŸebbiha denilebilir!.. https://t.co/nNjG725P1P"
991745345100148737,en,HAHAHSHAHAHA why is that you @abrmali https://t.co/lMJD0xMOYj
991743899788967936,en,"@dawg_lb @POTUS GOD Bless Our Military, Veterans and a very special shout out to My ""Monk Warrior"" .@DeptofDefense"
991410567024869377,tr,"Almanyadan insanlÄ±k adÄ±na Ã¶nemli bir adÄ±m geldi. Atinada vefat eden EsmanÄ±n Almanyadaki eÅŸi M.A.UludaÄŸa seyahat izin belgesi verdi. Yunanistan'a giden baba, Ã¶ksÃ¼z evlatlarÄ±na kavuÅŸtu. Tatil olmasÄ±na raÄŸmen UludaÄŸ ailesinin 3 Ã§ocuÄŸunada oturum izni verildi. https://t.co/zVSH0OTirq"
991421192136519685,tr,"BÄ°R Tarafta MÃ¼slÃ¼man Devlet ve Millet Bir Tarafta HÄ±ristiyan Devlet ve Millet Gel gÃ¶r ki, MÃ¼slÃ¼man Devlet MÃ¼slÃ¼mana kendi Milletinden Masum Ä°nsanlara zÃ¼lm ederken HÄ±ristiyan Devlet MÃ¼slÃ¼mana Hemde Tatil gÃ¼nÃ¼ KonsolosluÄŸunu aÃ§arak yardÄ±m ediyor  YORUM SÄ°ZÄ°N https://t.co/drFUzoaqta"
991710184492978177,uk,"""ĞŸĞ ĞĞ’Ğ˜Ğ™ Ğ¡Ğ•ĞšĞ¢ĞĞ "" Ğ’ Ğ•Ğ¡Ğ¢ĞĞĞ†Ğ‡ - Ğ Ğ•ĞĞ›Ğ¬ĞĞ†Ğ¡Ğ¢Ğ¬, Ğ ĞĞ• ĞœĞ†Ğ¤  â–¶ï¸ https://t.co/JTRkiNt9Ee https://t.co/QEOq7XPMHp"
991735954561011713,en,Get ready Toronto @JustinTrudeau @TorontoStar @fordnation @AndrewScheer https://t.co/OrlkvFODmR
991739789404721152,tr,"MÃ¼nker ; Allahâ€™Ä±n yasaklamÄ±ÅŸ olduÄŸu ÅŸeylerin aÃ§Ä±ktan aÃ§Ä±ÄŸa yapÄ±lmasÄ± mÃ¢nÃ¢sÄ±na gelir. DiÄŸer bir yaklaÅŸÄ±mla o, evrensel doÄŸrulara baÅŸkaldÄ±rma ve isyan etme mÃ¢nÃ¢larÄ±na gelir ki her  din ve her millette merduttur."
991747353467146243,en,"â€œMy message to you is very clear: Wake up, America!â€~@GenFlynn https://t.co/v4WUdgXHkY https://t.co/KMJOApEsTQ"
991741628942602241,uk,ĞŸĞ¾Ğ»Ğº ĞĞ—ĞĞ’ Ğ²Ñ–Ğ´ÑĞ²ÑÑ‚ĞºÑƒÑ” Ñ‡ĞµÑ‚Ğ²ĞµÑ€Ñ‚Ñƒ Ñ€Ñ–Ñ‡Ğ½Ğ¸Ñ†Ñ ÑÑ‚Ğ²Ğ¾Ñ€ĞµĞ½Ğ½Ñ Ğ¿Ñ–Ğ´Ñ€Ğ¾Ğ·Ğ´Ñ–Ğ»Ñƒ Ğ² Ğ‘ĞµÑ€Ğ´ÑĞ½ÑÑŒĞºÑƒ  https://t.co/zDlgyTYkiJ  #Ğ¿Ğ¾Ğ»Ğº_ĞĞ·Ğ¾Ğ² #ĞĞ—ĞĞ’ #Ğ‘ĞµÑ€Ğ´ÑĞ½ÑÑŒĞº https://t.co/IQtoHcG5SW
991694921806598144,und,https://t.co/hW4aFMbjgb
991749887510401024,en,"If a lying progressive like Franklin Delano Roosevelt would admit this it must have been non-controversial before his progressive policies and friends destroyed our educational, political, and legal systems.  Thank God FDR and Eleanor are still dead. https://t.co/kjgKhj0xLI"
991663540900687873,en,"As an English speaking white man, I am staying out of London. You cannot make this stuff up  https://t.co/wQx3u2qv1Q https://t.co/OkzoQZ739r"
991715413179424768,tr,Åu Suriyeli mendil satan yavrucaÄŸÄ±n aÄŸlayÄ±ÅŸÄ±na yÃ¼rek mi dayanÄ±r! Beyaz kÄ±yafetli kadÄ±nÄ± annesi sanÄ±yor. Sizin Ã§ocuÄŸunuzun birgÃ¼n bu duruma dÃ¼ÅŸmeyeceÄŸinin garantisi var mÄ±? Åamâ€™da bir cuma namazÄ± uÄŸruna bu yavrucaÄŸÄ± bu hale dÃ¼ÅŸÃ¼renleri Allah kahretsin!   https://t.co/X2VTkpUCHp
991753565935812609,ja,å®‰å€å¹•åºœã‚’æ‰“å€’ã›ã‚ˆï¼ã€€æ—¥æœ¬ä¼šè­°ã¯æ•™è‚²å‹…èªã‚’èªã‚‹ãªï¼ https://t.co/nsXatlyhFG
985080449755119617,und,https://t.co/omnIU1seIh
991722327904677888,en,@MrEdTrain Time to close down this sh*t show for good!
987264804187451392,tr,"BÄ°R RÄ°CA! NazÄ±, niyazi geÃ§en biri deÄŸilim ama Hizmetâ€™teki arkadaÅŸlardan bir ricam var; ne olur ÅŸu seÃ§im mevzuuna girmeyelim. BÄ±rakalÄ±m ne halleri varsa gÃ¶rsÃ¼nler. Biz enerjimizi mazlum ve maÄŸdurlar iÃ§in harcayÄ±p, onlarÄ±n dertlerine derman olup, seslerini duyurmaya Ã§alÄ±ÅŸalÄ±m."
737710858709540865,tr,"OruÃ§ sadece Mekke ve civarÄ± iÃ§in dÃ¼ÅŸÃ¼nÃ¼lmÃ¼ÅŸtÃ¼r. Muhammed'in, dÃ¼nyanÄ±n kÃ¼reselliÄŸi hakkÄ±nda bilgisi de yoktur. https://t.co/6gtuHqpEdx"
991727699344244736,en,REPORT: After a Year in Office Trump Out Performs Obama in EVERY ECONOMIC MEASUREMENT  #Trump2020  #KeepAmericaGreat  https://t.co/cPKrmy42pO https://t.co/SUYb6JKwT0
991732007859310592,tr,adamsÄ±n Ve adam gibi gazetecisin Ä°ÅŸte bunlarÄ±n cezasÄ±nÄ± Ã¶dÃ¼yorsun gÃ¼zel insan. https://t.co/fa1CRC8Rjy
991739207629594626,tr,yaptÄ±klarÄ± bu sanat eserlerinde tekrar seÃ§ildikleri taktirde baÅŸÄ±mÄ±za Ã§orap Ã¶receklerini anlatmaya Ã§alÄ±ÅŸmÄ±ÅŸlar https://t.co/eCa3kvqgQm
991755157447888896,fr,"Ilham Ahmed : Il y a des promesses internationales concernant Afrin  https://t.co/1ccKK7kRV3  ROJAVA- QAMISHLO - La coprÃ©sidente du Conseil dÃ©mocratique syrien, Ilham Ahmed a dÃ©clarÃ© que les parties internationales avaient promis de faire pression sur la Turquie pour qu'e... https://t.co/6gmV27XAPo"
991755549812412417,und,#TwitterKurds #Rojava #YPG #YPJ #SDF #Syria #Afrin #Turkey  #StopAfrinGenocide #BreakSilenceOnAfrin #StopAfrinOccupation https://t.co/BpM0eAqXas
991241865297997824,en,This is how displaced people of #Afrin are forced live while strangers occupied their homes @UNHumanRights @UNReliefChief @hamdiulukaya @ICRC @EmmanuelMacron @realDonaldTrump @nikkihaley @PutinRF_Eng @theresa_may https://t.co/dGYSULLLKz
991755298154139648,fr,"@ChienTranquille Pas besoin de gazâ„¢ , (((( ils ))) s'auto-asphixiront."
991385657972084737,de,Es werden Flaschen auf Polizisten geworfen. BÃ¶ller knallen. Offenbar wurden die Teilnehmer der #Antifa Kundgebung nicht durchsucht. Warum nicht? ğŸ´ #b0105 https://t.co/K7TXucs8C8
991603649540427776,de,"Weil irgendein Begleiter in der Gruppe des von der Polizei kontrollierten #AfD-Politikers #Reil Pfefferspray dabei hatte, durfte er(!) dann nicht zur #1Mai2018 Demo in #Essen. In #Berlin hatte die #Antifa reichlich BÃ¶ller etc. dabei und wurde offenbar nicht kontrolliert. Tja... https://t.co/N2yUsc5Guk"
991748634130731009,de,"EINE WOCHE SPERRE VORBEI! Unsere kleinen elenden Stasi-Wichtel haben mir erneut den Account dicht gemacht, diesmal â€nurâ€œ fÃ¼r 7 Tage... Die Meinungen von Andersdenkenden sind gefÃ¤hrdeter als je zuvor! Politmafia setzt ihre politischen SÃ¤uberungen unentwegt fort... #fckU"
991669454823141376,en,"â€œThe questions are an intrusion into the Presidentâ€™s Article 2  powers under the Constitution to fire any Executive Branch Employee...what the President was thinking is an outrageous.....as to the Presidentâ€™s unfettered power to fire anyone...â€ Joe Digenova, former US Attorney"
988042668612694019,und,https://t.co/A7jtmgOBBL
991761874843648000,en,â° 44â€™ | #RomaLiverpool 1-2 | Dejan Lovren is the first player booked after a foul on El Shaarawy. #RomaLFC #ROMLIV https://t.co/5X0dnEKIUY
991760544557359104,ar,Ø§Ù„Ø§ÙØ§Ø¹ÙŠ Ùˆ Ø§Ù„Ø¹Ù‚Ø§Ø±Ø¨ Ùˆ Ø§Ù„Ø­Ø´Ø±Ø§Øª Ø§Ù„Ø®Ø·Ø±Ø© ØªÙ‡Ø¯Ø¯ Ø­ÙŠØ§Ø© Ø§Ù„Ù†Ø§Ø²Ø­ÙŠÙ† Ùˆ Ø®Ø§ØµØ© Ø§Ù„Ø§Ø·ÙØ§Ù„ ÙÙŠ Ø·Ù„ Ø¹Ø¯Ù… ÙˆØ¬ÙˆØ¯ Ø§Ø¯ÙˆÙŠØ© Ù…Ø¶Ø§Ø¯Ø© Ù„Ù‡Ø§ Ø¨Ø­Ø³Ø¨ Ø±Ø¦Ø³Ø© Ø§Ù„Ù‡Ù„Ø§Ù„ Ø§Ù„Ø§Ø­Ù…Ø± Ø§Ù„ÙƒØ±Ø¯ÙŠ Ø±ÙŠÙ… Ù‚Ø±Ù…Ùˆ..!! https://t.co/ppL5xRdxTl
991761514137817095,en,"Snakes, scorpions and dangerous insects threaten the lives of displaced people, especially children, in the absence of antiretroviral drugs, according to the Kurdish Red Crescent, Reem Qarmo...! https://t.co/RBARoy899Q"
991745264191987713,tr,17 yaÅŸÄ±ndaki doÄŸuÅŸtan engelli Burak VEFAT ETTÄ°.  BabasÄ± 8 AralÄ±k 2016' dan beri tutukluydu.  Annesi Burak'Ä± tedavi ettiremedi.  Burak'Ä±n hastalÄ±ÄŸÄ± aÄŸÄ±rlaÅŸÄ±nca mahalleden bir kiÅŸi yardÄ±m etti. Annesi o esnada 2 yaÅŸÄ±ndaki kÄ±zÄ±nÄ± bÄ±rakacak yer bulamadÄ± ğŸ˜  Ã–nceAdalet SonraSeÃ§im https://t.co/ZHPFxGHRrN
991759556983316482,tr,"Babaya hasret giden evlat. EvladÄ±nÄ± son bir kez gÃ¶remeden topraÄŸa veren baba. Ã–yle Ã§ok ah aldÄ±nÄ±z ki, sonunuz Ã§ok ama Ã§ok acÄ± olacak. https://t.co/pBkE9yKNoN"
991717019887329280,en,"VICTORY!  Netherlands Allows Dutch Political Leader, Western Hero &amp; Crusader ğŸ‘‰ @GeertWilderspvv's Video Ad to Air on TV ahead of local elections!  Thank you to all of the brave people around the world who refuse to submit &amp; be silenced! https://t.co/zrqUMioGvf  #WednesdayWisdom https://t.co/xR93rkcaKu"
991013394315608064,de,Die linksfaschistische SchariaPartei SPD mit Nahles im Sinkflug https://t.co/LFAVTbTB88
991431269513756672,en,What an honor..! Thanks @cityofokc ğŸ™  Had an amazing time.. ğŸ™Œ @HouseDemsOK   @oksenategop https://t.co/9nXg1293KH
991686117186469889,tr,"ErdoÄŸan rejimi iÅŸte budur.  Kundaktaki bebeÄŸi YaÅŸlÄ± insanlarÄ± KadÄ±nlarÄ± HastalarÄ± hapse atacak kadar alÃ§ak. Bu anamÄ±n yÃ¼zÃ¼nÃ¼, sÄ±rf iÅŸimi istiyorum dediÄŸi iÃ§in, bu hale getirecek kadar aÅŸaÄŸÄ±lÄ±k ve korkaktÄ±r. https://t.co/aerwHplSwy"
991763619661697024,en,HT: Roma 1-2 Liverpool - Agg: 3-7.   Liverpool have now scored 130 goals across all competitions for the second time in the club's history.  #UCL #ROMLIV https://t.co/kzjrJ6DPoa
991766413063933952,en,"@LarryClegg1 @JohnDRobinson @Rockinchick69 @jamespavlick @fantomseeker @JTMYVA @realDonaldTrump @SecPompeo LOL, too effin funny,"
847219249106112517,tr,"Arap Ã§Ã¶lÃ¼n ortasÄ±na 1 taÅŸ koymuÅŸ gidip etrafÄ±nda dolanÄ±yorsun,baÅŸka 1 taÅŸ koymuÅŸ gidip Ã¶pÃ¼yorsun,1 taÅŸ daha koymuÅŸ ona da taÅŸ atÄ±yorsun."
991769072277782529,und,@onlyinyourtweet  @ministrymaker https://t.co/57lsZFSujA
991431323716857857,tr,"Hollandaâ€™da FETÃ– ile mÃ¼cadele eden avukat ÅÃ¼kran Ä°nce, CumhurbaÅŸkanÄ± ile fotoÄŸrafÄ± bulunduÄŸu gerekÃ§esiyle gÃ¶revden alÄ±ndÄ± https://t.co/wvvl3XWzuq https://t.co/iZHtxaJHpI"
991450765154807808,tr,Etme bulma dÃ¼nyasÄ±.. https://t.co/5ooztYskoZ
991726590445826048,en,The #STAR drama is just gettin' started. âœ¨ Catch #Take3 TONIGHT at 9/8c on @FOXTV! https://t.co/wHeK4stqq7
982999654202859520,ar,#Ù…ØªØ±Ø¬Ù… Ù…Ø­Ø§Ø±Ù… ÙŠÙ†ÙŠÙƒ Ø§Ø®ØªÙ‡ ÙˆÙ‡ÙŠ Ù†Ø§Ø¦Ù…Ø© #Ø­ØµØ±ÙŠ #Ø³ÙƒØ³ #six Ø§Ù„Ø±Ø§Ø¨Ø· Ù„Ù…Ø´Ø§Ù‡Ø¯Ø© Ø§Ù„ÙÙŠÙ„Ù… ÙƒØ§Ù…Ù„    https://t.co/TSela7a9Hz Ø§Ù„Ø±Ø§Ø¨Ø· Ø§Ù„Ø«Ø§Ù†ÙŠ Ù„Ù„ÙÙŠÙ„Ù…  https://t.co/8PBFV9UUrR https://t.co/wpipPLj8U3
991770695469166592,ko,ì „ê²©ì „ì´ë¼? ë§˜ì—ë“œëŠ” ë‹¨ì–´êµ°
990631636868923400,und,https://t.co/RVEzQqsC5F
987417286679121925,und,https://t.co/NKJ9V82Tcj
991747918095880193,tr,"GÃ¼n doÄŸumu/batÄ±mÄ± karmaÅŸÄ±k formÃ¼llerle hesaplanÄ±r. Oysa hem Muhammed,hem  uydurduÄŸu Allah ve etraftaki cebrailler, 4 iÅŸlemle dahi baÅŸedemez. https://t.co/5NkQDwSWfA"
991732943654703104,en,"SHARIA FRANCE!  Documentary on Muslim Brotherhood exposes how they introduce sharia into our society via HALAL foods &amp; products &amp; NOW claiming HALAL Territories!  Jihadists have taken control of harbors in Europe, labeling them HALAL &amp; forbidded trade that's not sharia compliant. https://t.co/rv1sZhInd7"
991588605998043136,es,@tasconalvarez OperaciÃ³n retorno segÃºn las autoridades incompetentes.
991783127386345476,tr,"Ã‡ete li ser parvekirina malÃªn EfrÃ®nÃª bi hev ketin, kuÅŸtÃ® hene https://t.co/kN3jACMDfq"
991751532424060929,en,"Maxine, who are you to determine when anybody is allowed to speak. Guess you have not read the constitution or you are unable to understand it or you choose to operate outside of it.  Is not your comment enslaving in itself? #dog_lb https://t.co/gG7Xm8HZhV"
739904334079643653,tr,Allah ResulÃ¼nÃ¼n en uzun orucu ~13 saatti. Sen napÄ±yorsun bÃ¶yle ? https://t.co/9YTnijlt39
991770495614939137,en,"Esma Uludag, refugee who escaped persecution with three children, one six months old. She speaks here, wait till end to see her message. Shortly after she passes away from a heart attack. Father is reunited with children only after her passing. https://t.co/VvbD068gQv"
991788034726260736,en,Grum - First Contact https://t.co/5yUqLp9Uqn via @YouTube
991785220348227585,en,What a joke. https://t.co/iKm7LI7z52
991785562158895106,en,"Approval of application by Independent Bank Group, Inc.: https://t.co/3MPvjmB5IS"
991690248399794176,en,A Rigged System - They donâ€™t want to turn over Documents to Congress. What are they afraid of? Why so much redacting? Why such unequal â€œjustice?â€ At some point I will have no choice but to use the powers granted to the Presidency and get involved!
991782224331714561,tr,"Adamlar KÃ¼rtler kendi kendilerini yÃ¶netiyor diye gidip Suriye'nin en istikrarlÄ± olan bolgesi Afrin'i dÃ¼nyaya bir sÃ¼rÃ¼ rÃ¼ÅŸvet verip iÅŸgal etmiÅŸ, Ã§ocuklarÄ±nÄ± katledip yÃ¼zbinlerce KÃ¼rdÃ¼ gÃ¶Ã§ ettirmiÅŸ, diyorsun ki ""%10 barajÄ±nÄ± KÃ¼rtler iÃ§in koymuÅŸlar"" iyi misin?"
986287511927443457,und,https://t.co/zJnYUOI4Gh
991658119699759104,tr,"HALÄ°ME Ã–ÄRETMEN CÄ°NAYETÄ° HDP, Meclis'e soru Ã¶nergesi verdi '2. GÃ¶khan AÃ§Ä±kkollu vakasÄ±...' https://t.co/iVHByq70Fu"
991644818173546496,tr,Saray'Ä±n BaÅŸdanÄ±ÅŸmanÄ± Bulut: Genel af Ã§Ä±karalÄ±m https://t.co/tXeYLcgGB3 https://t.co/1EmN5YOrmK
991705006473662464,tr,Ã‡ok sÄ±kÄ±ÅŸtÄ±lar Ã§oook..  Ama ne yaparlarsa yapsÄ±nlar â€œacÄ± sonâ€dan kurtulamayacaklar.. https://t.co/Nz9G99MEgx
991664937457070080,tr,Atinada vefat eden Esma UludaÄŸ bacÄ±mÄ±zla alakalÄ± yaptÄ±ÄŸÄ±m paylaÅŸÄ±ma Atinadan Gazeteci Radyocu Yunan bir bayan cevap yazmÄ±ÅŸ. â€œTÃ¼m gÃ¼cÃ¼mÃ¼zle bu ailenin destekÃ§isi olacaÄŸÄ±z diyorâ€ AllahÄ±m sen nelere kadirsin! https://t.co/CX9Odlk0yY
991791767652515840,ja,ã€1891å¹´5æœˆ3æ—¥ã€‘ãƒãƒ«ãƒ†ã‚£ãƒ³ãƒ»ã‚°ãƒ©ãƒ¼ã‚¼ï¼ˆMartin Graseï¼‰èª•ç”Ÿã€‚ é™¸è»æ­©å…µå¤§å°†ã€ç¬¬26è»å›£é•·ã€ãƒ™ãƒ«ã‚®ãƒ¼ï¼åŒ—ãƒ•ãƒ©ãƒ³ã‚¹é§ç•™å›½é˜²è»å¸ä»¤å®˜ã€‚ https://t.co/EkZpSiMe6e
991413256714641410,en,this is how u do bbq in alabama https://t.co/xSvO9KPTNw
991766516315115522,en,nigga is that e.t.? https://t.co/BEq47GBmwA
991746850184224768,en,"British @labour official in the Centre for Kurdish Progress â€œI urge the British government to recognize #Rojava, to provide resources for health and hospitals, and to ensure that the people of Rojava are at the peace negotiation tableâ€ https://t.co/hhKu7AjYSU https://t.co/ywUDP5gUu9"
991796326860902400,en,Chimes in and urges the dystopic US government to do the same. #DefendRojava https://t.co/ARETXm1U4A
991685217860640768,es,"ğŸ‡ªğŸ‡¸ğŸ‡ªğŸ‡¸ğŸ‡ªğŸ‡¸ Esto es un agravio, es ofensivo, esta #MarchaPorLaEquiparacionYA  No lo pueden parar. No lo pueden esconder de vista del pÃºblico. Cada vez lo apoyamos mÃ¡s ciudadanos. â€¼ï¸Esta es una ola imparableâ€¼ï¸ #EquiparacionYa  #MarchaPorLaEquiparacionYA https://t.co/vFra7CUhDD"
991775888290340865,tr,Selahattin #DEMÄ°RTAÅâ€™Ä±n gazetemiz iÃ§in yazdÄ±ÄŸÄ± yazÄ±: AKP Ã§Ã¶kerken...  https://t.co/bNl6VamKgA
991773192611090433,tr,"@34u8zzfM5ok9Zxw GÃ¼zel ÅŸiir yazÄ±yor, tamam demekki TanrÄ± gÃ¶nderdi bunu? Yahu peynir ekmekle mi yediniz aklÄ±nÄ±zÄ±?"
989537339516047361,und,https://t.co/R1l2yclY3U
991370480962691072,tr,TÃ¼m bu acÄ± haberlere karÅŸÄ± ne diyelim? GÃ¼cÃ¼mÃ¼z yetmiyor â€œAllahÃ¼mme aleyke bihimâ€ sana havale ettik AllahÄ±m. https://t.co/5GEQJ0Ky64 https://t.co/n05jSAYqlL
991787572337823744,tr,CIA'nin ilk kadÄ±n direktÃ¶rÃ¼ olarak gÃ¶rev alacak Haspel'in TÃ¼rkÃ§e bildiÄŸi ortaya Ã§Ä±ktÄ±. https://t.co/XVpXozIc4U
991789265989324800,en,So she can curse in Turkish when she learns Ankara's cozy ties with some of the Islamist extremists in the region. https://t.co/uRmON4TOfw
991796880404369409,tr,"@Cevahir Cinsel amaÃ§lÄ± deÄŸilse, o kadÄ±nlara yazÄ±k deÄŸil mi? Neresinden tutarsan tut elinde kalÄ±r. AyrÄ±ca, insan 40'Ä±ndan, 50sinden sonra deÄŸiÅŸebilir. Bu da gayet olaÄŸandÄ±r. 40Ä±nda kadar hiÃ§ bu iÅŸlerle uÄŸraÅŸmayan adam 40Ä±ndan sonra azabilir, bunlarÄ±n Anadolu'da da Ã§okÃ§a Ã¶rneÄŸi vardÄ±r."
991796968568643584,en,"I don't wanna go, Mr Bin Laden. https://t.co/gg47U045vR"
988874737672744962,und,https://t.co/wiAfSIpJwo
712620572249890816,tr,"Cahiliye DÃ¶neminde,kÄ±z Ã§ocuklarÄ±nn diri diri gÃ¶mÃ¼ldÄŸÃ¼,dÃ¶neminn bir algÄ± operasynudur.1kaÃ§ mÃ¼nferit olaydan ibarettir https://t.co/gwOgdeOYjw"
991797923322134528,tr,@Cevahir KÄ±z Ã§ocuklarÄ±nÄ±n diri-diri gÃ¶mÃ¼lmesi &lt;==&gt; https://t.co/VVI8OhJtuV
991789368913416192,tr,Bu yazÄ± ve yazarÄ± kayÄ±tlara geÃ§sin!..   BÃ¼lent OrakoÄŸlu : MÄ°Tâ€™in yurt dÄ±ÅŸÄ± operasyonlarda baÅŸarÄ±sÄ±nÄ±n sÄ±rrÄ± https://t.co/qmeJpEaOtw
991597941289881600,tr,"KÃ¼rtler, TÃ¼rkiyeâ€™nin zencisi olmaya devam ediyor. â€˜Bin yÄ±llÄ±k kardeÅŸizâ€™ lafÄ± kliÅŸeden Ã¶te bir anlam taÅŸÄ±mÄ±yor. Mevzu KÃ¼rtler olunca saÄŸ-sol farketmiyor hemen aynÄ± cephede buluÅŸuyor!"
991804155122536449,de,"Auntie Maxineâ€™s favorite flavor, â€œImPEACHâ€ ğŸ˜‚ğŸ˜‚ #BadIceCreamFlavours   #KeepAmericaGreat  #Trump2020   @GrrrGraphics https://t.co/5vq3Oku6RL"
991806419862212608,fr,@ChienTranquille Terre Blanche aussi sera vengÃ©. ğŸ˜£
991802799628476416,tr,"ArtÄ±k hiÃ§birÅŸeyin Ã¶nÃ¼ alÄ±namÄ±yor,dolar,euro vs. ArtÄ±k  Ã§Ã¶kÃ¼ÅŸ kaÃ§Ä±nÄ±lmaz.Devleti yÃ¶netenler ""terÃ¶rist"" olarak fix lendi.Fix oldunuz.Sizinle dost olanlar Avrupa da acÄ± Ã§ekecek.Orada yaÅŸayan masum TÃ¼rklere bile kilometrelerce Ã¶teden zarar veriyorsunuz.VarlÄ±ÄŸÄ±nÄ±z zarar.."
991803876612374528,und,@AdelAmini4 @ThomasVLinge  https://t.co/YNbNLFtYzN
929124219383840769,en,"Opposing Islam is no more RACIST than opposing German National Socialism or Soviet Communism. It has NOTHING to do w/ color or ethnicity &amp; everything 2 do w/ a political-theocratic ideology that demands submission or death of the infidel, elimination of gays &amp; submission of women"
991802857392238594,en,Your Absolutely right https://t.co/dsdfFuxYad
991669134734823429,tr,HDPâ€™yi seven herkes HDPâ€™de milletvekili olabilir. Herkesin Ã¶nÃ¼ aÃ§Ä±ktÄ±r. Ã–zellikle genÃ§leri ve kadÄ±nlarÄ± baÅŸvuru yapmak Ã¼zere HDPâ€™ye davet ediyorum. Ben bile HDPâ€™de milletvekili oldum :) https://t.co/83j25gDkqX
991805134903558144,ja,å­¦ãŒç„¡ã„ã‹ã‚‰ã£ã¦èª¤é­”åŒ–ã™ã®ãªã‚‰å­¦è¡“çš„ãªè­°è«–ã«å‚åŠ ã—ãªã„ã§ãã ã•ãƒ¼ã„www
991595052957929473,en,5 new summaries of proceedings for HDP MPs https://t.co/1ntTk5f6Yo
991730160763207680,tr,BabasÄ± Tutuklu BulunduÄŸu Ä°Ã§in Tedavi Ettirilemeyen Burak HayatÄ±nÄ± Kaybetti! - https://t.co/FdjjIrr3gV https://t.co/NcE33J7Wua
991249057422114816,tr,TÃ¼m malvarlÄ±ÄŸÄ±na el koydular ve hakkÄ±nda yakalama kararÄ± vardÄ± YurtdÄ±ÅŸÄ±na Ã§Ä±kmÄ±ÅŸtÄ± Recep abim. Bosna Hersekâ€™te bir Parkta bir bank kenarÄ±nda hayata sessizce vefat etmiÅŸ. MekanÄ±n cennet Efendimiz sav komÅŸun olsun gÃ¼zel abim. Ã‡ektiklerin keffaret olsun. ğŸ˜¥ğŸ˜¥ğŸ˜¥ https://t.co/ZneXzAr0Ts
991432003332526080,tr,"Garipâ€™ler makamÄ±ndan bir Garip daha Rabbisine yÃ¼rÃ¼dÃ¼... Allah mekanÄ±nÄ± cennet etesin.... AcÄ±lÄ±,Hizmet ailesine sabÄ±rlar versin... https://t.co/U4SBGlGMIP"
991582107196633090,es,Buenos dÃ­as. Hoy la marcha de Jusapol ha sido desviada premeditadamente por las autoridades a una carretera  interior para ser invisibles a los ojos de los conductores de la A 6. Salida en ADANERO  Fin de etapa EL ESPINAR. #MarchaPorLaEquiparacionYA  VIVA ESPAÃ‘AğŸ‡ªğŸ‡¸ğŸ‡ªğŸ‡¸ğŸ‡ªğŸ‡¸ğŸ‡ªğŸ‡¸
991660576567906304,es,.@jusapolasturias Todos los dÃ­as mis mejores deseos para los valientes q caminan kms a diario por #MarchaPorLaEquiparacionYA hasta la #5MMadrid ğŸ‘ğŸ‘ğŸ‘ y resulta lamentable q polÃ­ticos desvien el camino Adanero-ElEspinar para quitar visibilidad a los caminantes de FCSE @jusapol https://t.co/ZYGxh6YjrD
991479768993402881,en,"Let's review. Trump ran promising to improve relations w/ Russia...voters agreed. But permanent DC hated the idea. Theyâ€™ve been pushing war w/ Iran for yrs. Closer ties w/ Russia would make an Iran war more complicated. Russia needed to be our enemy, no matter what voters wanted."
989172931182784512,ja,ãƒ•ã‚§ãƒŸãƒ‹ã‚¹ãƒˆãŸã¡ãŒã„ãã‚Šç«‹ã£ã¦åè«–ãƒªãƒ—ã—ã¦ãã¦ã‚‹ãŒå¥³æ€§ã‚’ã‚ˆã‚Šå¼±è€…ã®ç«‹å ´ã«ã—ã¦ã‚‹ã®ã¯ãŠå‰ãŸã¡ã ãã€‚ï½¢å¥³æ€§ã¯å¼·ã„ã‹ã‚‰ç”·æ€§ã¨åŒã˜ç«‹å ´ã«ã—ã‚ï½£ãªã©ã¨ã»ã–ããã›ã«ï½¢å¥³æ€§ã¯å¼±ã„ã‹ã‚‰å®ˆã‚Œï¼ï½£ã¨ã¯ä½•äº‹ãªã®ã‹ã€‚å¯è¨€ã¯å¯ã¦è¨€ãˆã€‚
991634554250199043,tr,"75 yaÅŸÄ±ndaki Perihan Pulat, dÃ¼n 1 MayÄ±sâ€™ta YÃ¼ksel Caddesiâ€™de â€˜iÅŸimizi geri istiyoruzâ€™ deyince polis ÅŸiddetiyle bu hale gelmiÅŸ. Eliniz kÄ±rÄ±lsÄ±n! https://t.co/Yvh98gKJwG"
991735673437605888,tr,"ğŸ”¸Rusya'ya kÃ¶pÃ¼rÃ¼p S-400 alan; ğŸ”¹Almanya'ya kÄ±zÄ±p Mercedes'e alan ğŸ”¸SÄ±rplara ""MÃ¼slÃ¼man kasabÄ±"" deyip et alan ğŸ”¹ABD'ye efelenip 40 tane Boeing yolcu uÃ§aÄŸÄ± alan ğŸ”¸FransÄ±zlara ""SÃ¶mÃ¼rgeci"" deyip uÃ§ak,fÃ¼ze,et alan ğŸ”¹Ä°srail'e kafa tutup sebze,tohumu alan gÃ¼zel Ã¼lkem  #OyumuzReiseÃ‡Ã¼nkÃ¼"
990917102566600704,und,https://t.co/Lz3wF5Nd0e
991819261319532545,de,Â«FÃ¤llt SRF wirklich nichts Besseres ein?Â» https://t.co/BRrEjdmDC1
991431284571467776,tr,"Toplum,AKP&amp;ErdoÄŸanâ€™Ä±n sÄ±rf rÃ¼ÅŸvetÃ§i Zarrabâ€™a dair zigzaglarÄ±nÄ± gÃ¶rse neyle karÅŸÄ± karÅŸÄ±ya olduÄŸunu anlayacak ama hipnozdan gÃ¶remiyor: - HayÄ±rsever RÄ±za - RÄ±za Bey - Ã–dÃ¼llÃ¼ iÅŸ adamÄ±mÄ±z -Cari aÃ§Ä±ÄŸÄ± kapatan  -ABDâ€™ye kafa tutan vatansever - MaÄŸdur - SanÄ±k - TanÄ±k - FetÃ¶cÃ¼ -Casus -Hain"
991816833681575936,tr,"Kendi halÃ¼sÃ¼nasyonlarÄ±nÄ±, gerÃ§ek olarak kabul etmiyorlar diye akrabalarÄ±na, yakÄ±n arkadaÅŸlarÄ±na, hemÅŸehrilerine Ã¶lÃ¼mÃ¼ne dalan bir adamÄ±n dini, hoÅŸgÃ¶rÃ¼ dini Ã¶yle mi? 1400 yÄ±llÄ±k algÄ± kazÄ±klarÄ±nÄ± tek tek temizleyeceÄŸiz."
991750218612985856,en,"A man with a shirt of Spanish Dictator Franco, who banned the Catalan language and suppressed the Catalan self-rule, beaten by demonstrators with Kurdish flags in GÃ¶teborg #NoPasaran https://t.co/yGTOfkefyP"
991314587461939200,und,https://t.co/ToPDLihyrm
991742389214765057,und,https://t.co/JUp3Ht4gYJ
991617533194227712,tr,"ABDâ€™den bir grup Hizmet gÃ¶nÃ¼llÃ¼sÃ¼ Yunanistanâ€™a sÄ±ÄŸÄ±nanlarÄ± ziyaret etmiÅŸti. Bu isimlerden biri de Esma UludaÄŸâ€™dÄ±. Ä°ÅŸte Esma HanÄ±mÄ±n, dava arkadaÅŸlarÄ±na son mesajÄ±nÄ±n yer aldÄ±ÄŸÄ± video kaydÄ± https://t.co/v5OoXIIeV8"
991802695890735104,en,"Instead of being a model of Muslim democracy, Turkey became a prime example of losing democracy in just five years. To preserve their short term interesets, both Europe and the US have sadly ignored Turkeyâ€™s descent into tyranny.  https://t.co/rdbrdsE0BL"
991742425734569985,und,https://t.co/QDA2xHnq85
991299358388781056,en,#SDF forces with the participation of the @coalition forces have begun the final phase of the Jazeera storm operation to liberate North Eastren Syria from ISIS terrorists once and for all. This would be an other step into building a new &amp; democratic #Syria https://t.co/7aeEI31gEQ
991699853523718147,en,The â€˜Sultanâ€™ of an illusionary Ottoman Empireâ€”Turkeyâ€™s President Erdoganâ€”is pressuring submissive politicians throughout the Balkan countries to do his bidding to restore the glory of the Ottoman period. @ediramaal @RT_Erdogan https://t.co/mazTdd72RY https://t.co/9IL1BMxMTB
991644924973125633,tr,"Samsun'da tramvayda ayakkabÄ±sÄ± olmayan Ã§ocuÄŸa karÅŸÄ± ayakkabÄ±sÄ±nÄ± Ã§Ä±karÄ±p giydiren, baÄŸcÄ±klarÄ±nÄ± dahi baÄŸlayan ve yoluna Ã§oraplarÄ±yla devam eden genÃ§, dÃ¼nya senin hatrÄ±na dÃ¶nÃ¼yor. ğŸ‘ğŸ‘ğŸ‘ğŸ™ğŸ™ğŸ™ https://t.co/dBzyR3mYAj"
991810393034158080,tr,AlÄ±n cumhurbaÅŸkanÄ± yapÄ±n! FarkÄ± yok!.. https://t.co/HpA8IZuiWg
991433449704747008,en,May Day in Istanbul - protesters beaten and brutally arrested as they try to make their way to the sealed off Taksim Square where the yearly May Day march usually takes place  #MayDay #1MayÄ±s #1May https://t.co/eg0aOUR3px
991128687805370370,es,Mi hombre araÃ±a hot  https://t.co/opc4PDZRGt
991671768862658561,tr,#MehmetBaransu: Bu Ã¼lkede sesi Ã§Ä±kan namuslu insanlar var. Ben ne geÃ§miÅŸte ne Ergenekon dÃ¶neminde ne de sonrasÄ±nda sustum. https://t.co/jN4bv9Sfxn
991701817460494336,tr,"Kimsesiz bir adam. Hukuksuz bir ÅŸekilde iÃ§erde tutulduÄŸunu herkes biliyor. Ä°nsanlar kendi ideolojilerine yakÄ±n olmadÄ±ÄŸÄ± iÃ§in adÄ±nÄ± bile anmÄ±yor, gÃ¶rmezlikten geliyor... https://t.co/MCcUmZax4l"
991723805092478976,en,"""Clumps of Cells"" to ""Dying with Dignity:"" the Lunacy of the Left on Life. Episode 8 of Relatable now up wherever you get your podcasts! https://t.co/xRAGfnqGLl"
991852604115357696,en,@Grizzly_AdamsSC Probably about equal to the amount I use them which I'm pretty sure is at least once a day on average. It's prolly higher than that cause once I use one quote I continue to dig my hole through the earth to see how quick I can reach hell
991853539570868224,en,ğŸŒªï¸TRIGGER ALERTğŸŒªï¸ Kim Kardashian &amp; Jared Kushner teaming up for prison reform...  #MAGA #ThursdayThoughts  https://t.co/iMjqNiBb0Z
991858255747002369,en,@GoyCrazy You're welcome.  The guy who compiled the list spent 2 years on it and just updated it.  I'm wondering where to post the PDF.
991561969470787584,tr,MANZUME! ÃœzÃ¼lme dostum! ÃœzÃ¼lme sakÄ±n NasÄ±l olsa Allah kuluna ÅŸah damarÄ±ndan daha yakÄ±n Kalbini mi kÄ±rdÄ±lar parÃ§a parÃ§a? KÄ±rarlarsa kÄ±rsÄ±nlar isterse paramparÃ§a KÄ±rdÄ±klarÄ± yÄ±ktÄ±klarÄ± nedir ki fani dÃ¼nya Åah damarÄ±nÄ± kesemezler ya? https://t.co/kH8DkinyId https://t.co/wBTKSCS35c
991791572265193473,en,LEFTIST/MUSLIM HEADS EXPLODING after Donald Trump tells the Muslim president of Nigeria to do more to stop Islamic terrorism and the slaughter of so many Christians in hisÂ nation https://t.co/4MlWPWuoTh https://t.co/577OFA4loF
991783242360672256,en,"""They say AWB speaks with threatening language. Yes! I threaten in the clearest language. Hands off the Boers' land."" https://t.co/YfKoBCy16U"
991719202208690177,en,"Yes, right, letâ€™s hire the fox to guard the hen house ğŸ¤¦ğŸ¼â€â™€ï¸ If you havenâ€™t deleted your Facebook account,  now might be a good time to do so.   Facebook Enlists Eric Holder's Law Firm  to 'Advise' on Anti-Conservative Bias   https://t.co/wRV9rqcdZy https://t.co/l4Kk0J5a7c"
990439126540390400,en,"Where is CNN now!?   Muslim couple is charged with enslaving a 5yr-old African girl in their home for 16 years!  The child slave was bought in W. Africa - the Jihadists abused her, made her cook, clean &amp; care for their 5 kids for 16+ years until neighbors helped her escape. #WHCD https://t.co/OuiZvhAYdr"
991752334626586624,en,Keep running @kanyewest ğŸ‘ğŸ» Youâ€™ve outsmarted the  plantation masters of Marxism.  Welcome to freedom  of thought ğŸ™ŒğŸ¼  #KeepAmericaGreat  #IfSlaveryWereAChoice  #Resist the #Resistance   @afbranco https://t.co/fC6Y1i8BUf
985349652831768576,und,https://t.co/UPKvN3QuX4
991875009604812800,en,There have been over 2.5 goals scored in nine of the last ten El Clasicos. Will there be goals again on Sunday? https://t.co/qMRyefx1yn
991724707799076865,tr,Ahhh canÄ±m benim ablam benim. Rabbim mekanÄ±nÄ± cennet bahÃ§esi eylesin. Cennette Efendimize komÅŸu eylesin. KaÃ§ gÃ¼ndÃ¼r Ã§ocuklarÄ±mÄ± her Ã¶ptÃ¼ÄŸÃ¼mde yÃ¼zÃ¼n aklÄ±ma geliyor. https://t.co/vZ7poRZKUZ
991596953149628417,tr,"Ahmet BozkuÅŸ: Esma HanÄ±m, yazdÄ±ÄŸÄ±m hatÄ±radaki kadÄ±n deÄŸil; fazlasÄ±! Memleketin cezaevlerini dua bahÃ§esine Ã§eviren on binlerce kadÄ±n aslÄ±nda Esma HanÄ±m. Ä°zzetinden, onurundan zerre kayÄ±p yaÅŸamadan ayakta duran on binlerce kadÄ±nÄ±n simasÄ± var Esma HanÄ±mâ€™da!  https://t.co/n9h2ZBeweb"
991806155608543233,und,https://t.co/VjosFSorkM
991843945968644097,tr,"Allah, sizlere sabÄ±r-Ä± cemil lÃ¼tfetsin; Ã¼zerinize sekine ve rahmet yaÄŸdÄ±rsÄ±n; hayÄ±rlÄ± uzun Ã¶mÃ¼rler versin; yÃ¢r ve yardÄ±mcÄ±nÄ±z olsun. https://t.co/OxEccM1Ofs"
991886470829883392,en,Sibeh we bixÃªr be .. https://t.co/ZI0IwRPum7
991491355573653509,tr,KARAMAN M TÄ°PÄ° CEZAEVÄ°  Beyza K.(Ãœniversite Ã–ÄŸrencisi)  21 yaÅŸÄ±nda ve 7 aydÄ±r tutuklu  Cezaevinde dÃ¼ÅŸtÃ¼ ve omiriliÄŸi Ã§atladÄ±.  BakÄ±ma muhtaÃ§  #AÄŸÄ±rHastalarTUTUKSUZYARGILANSIN Hapishaneleri  Kabirhaneye dÃ¶nÃ¼ÅŸtÃ¼rmeyin! https://t.co/fUgTLbfrqg
991831850413973504,en,"@realDonaldTrump  We the American people have had enough! It's time to drain the swamp Fire every treasonous Deep State corrupt obstructionist. Fire Rosenstein, Mueller, Sessions Wray and the rest of these people that believe they can do anything they want. Just fire them!"
991844747386937344,und,@BettySwernofsky @dawg_lb @cleared37Joseph @WhoWolfe @BriteEyes8 @MelissaHoughto6 @Queen_Jane001 @Joanie513 @PJSOWE @ginasidhu @RHH01NJ https://t.co/cI0mMF7EXj
991751495484919808,en,"Here's a clip of a speech by EugÃ¨ne Terre'Blanche, founder of the AWB (The Afrikaner Weerstandsbeweging aka Afrikaner Resistance Movement). https://t.co/gzb5Bhy3Pc"
991798147339956224,tr,"Kazan belediye baÅŸkanÄ± AKP'li Lokman ErtÃ¼rk ,15 Temmuz' da Kazan'da olmadÄ±ÄŸÄ± halde sahtekarlÄ±ÄŸÄ±nÄ± nasÄ±l da coÅŸkulu coÅŸkulu anlatÄ±yor!  Bunlar nasÄ±l  insan anlaÅŸÄ±lÄ±r gibi deÄŸil!   https://t.co/OjsFrRB5P9"
991896243461910528,tr,"Araya bir iki, â€œbakÄ±nÄ±z Ã§ok enteresanâ€, â€œ iÅŸte bunlar heepâ€, â€œsen kimsin yaâ€ falan da katabilse direkt CumhurbaÅŸkanÄ± olurmuÅŸ. YÃ¼z kÄ±zarmama/arsÄ±zlÄ±k kapasitesi inanÄ±lmaz derecede yÃ¼ksek! https://t.co/wwwhYaxQIy"
991808952030711808,es,"Pero de verdad que no aprendimos nada de nuestros abuelos? Nunca os contaron lo mal que se pasÃ³ en este paÃ­s despuÃ©s de una guerra entre hermanos? El que no conoce la historia estÃ¡ condenado a repetir sus errores. Buenas noches a todos, incluso a los que piensan distinto."
991781703248117761,en,When body language speaks louder thanÂ words https://t.co/bQq3PhgWYU https://t.co/q8H57KdSlJ
991692353235836928,es,"Occidente tardÃ³ siglos en separar iglesia y estado, en equiparar derechos de ambos sexos, y ahora viene la dictadura masÃ³nica y genocida de la UE, compra a nuestros gobiernos y NOS OBLIGAN A MANTENER millones de tercermundistas que IMPONEN la bÃ¡rbara sharia. ESTO ES DEMOCRACIA?"
991896988026359808,en,This is beyond upsetting! Where is the outrage? Why is there no regulation? @boyscouts https://t.co/NyMdPERBCf
991899708061863937,in,"Ternyata, Ketua Panitia ""Sembako Maut"" Mamang Mantan Timses Jokowi https://t.co/mWhX0xQXvk https://t.co/Nff2VvMXPF"
991735077385199616,tr,Cumhur ittifakÄ±:  AKP MHP BBP YSK AYM TSK EGM  Bu ittifakÄ±n kaybedecine inanÄ±yorsanÄ±z Ã§ok safsÄ±nÄ±z valla
991773059492253702,tr,YÄ°NE ACI BÄ°R HABER!!!  17 yaÅŸÄ±ndaki doÄŸuÅŸtan engelli Burak VEFAT ETTÄ°. BabasÄ± 8 AralÄ±k 2016'dan beri tutukluydu Annesi Burak'Ä± tedavi ettiremedi. Burak'Ä±n hastalÄ±ÄŸÄ± aÄŸÄ±rlaÅŸÄ±nca mahalleden sadece birisi yardÄ±m etti. Annesi o esnada 2 yaÅŸÄ±ndaki kÄ±zÄ±nÄ± bÄ±rakacak yer bulamadÄ±. https://t.co/FedAgzTn5j
991758497443405826,es,"Para mÃ­ ETA estarÃ¡ disuelta cuando entreguen las armas manchadas de sangre, para aclarar los mÃ¡s de 300 asesinatos sin Resolver. Y esten entre rejas los asesinos."
991747130967588865,tr,"Sual: Neden Yeni Zelenda'da OruÃ§ 11 saat iken, NorveÃ§'te 21 saat ? Cevap: ApaÃ§Ä±k ortada yahu, ne Muhammed, ne de hayali arkadaÅŸÄ± Allah, dÃ¼nyanÄ±n kÃ¼re olduÄŸunu kutuplara yaklaÅŸtÄ±kÃ§a gÃ¼n uzunluÄŸunun ciddi oranlarda deÄŸiÅŸtiÄŸini bilmiyordu, bilseler bÃ¶yle saÃ§malamazlardÄ±. https://t.co/YP4Dm5eS3g"
991704664403046400,en,"The Muslim Brotherhood infiltrated the Boy Scouts years ago ğŸ‘‰they have been recruiting &amp; training youth â€” by the thousands â€” for their own causes.  Girl &amp; Boy Scouts of America have Muslim ONLY troops. With Scouts BSA?  They donâ€™t take their oath to God &amp; America, only to Allah! https://t.co/D08RY9mNwl"
991660402244108289,en,A graphical comparison of political violence.  The data speaks for itself.  https://t.co/ZcgQw9th5D https://t.co/Cm1SIc9kuo
991876091907207168,en,"Mah goodness. Dare to correct a racist and their whole Klan comes out to attack you. How the fudge is @Twitter letting people create accounts with ""White Power"" and ""Pro White"" in their bio, if it's against their rules to post about being racist?"
991916191676620800,en,Imagine being such a brainwashed weak minded female to actually say being pro-white is a bad thing...as if being pro-blk/brown/Asian etc carries the same stigma...these ppl are going to be the death of us. https://t.co/hjpQyGWkU5
991790291114917890,en,like if you get it https://t.co/2osje0lPGm
991708914029940736,tr,"Rahmetli Esma UludaÄŸ HanÄ±mefendi'nin en son mesajÄ±na da yer verilmiÅŸ bu kÄ±sa belgeselde. Dualara vesile olmasÄ± dileÄŸiyle... Allah, onu ve benzerlerini Firdevs'ine koysun; geride kalan sevenlerine ve emanetlerine hafÃ®z olsun!.. https://t.co/yDzi698Mw1"
991314489885839360,und,https://t.co/vfV6Yltdoy
991766893638946822,tr,"TÃ¼rkiye siyaseti arkaik milliyetÃ§iliÄŸin kuÅŸatmasÄ±na girdi. MHP iktidarÄ±, Ä°YÄ°P de muhalefeti bloke ederek, HDPâ€™yi barajda bÄ±rakmaya Ã§alÄ±ÅŸÄ±yor. Oysa, HDPâ€™yi Meclis dÄ±ÅŸÄ±nda bÄ±rakmak, demokrasiye deÄŸil, demokrasi karÅŸÄ±tlarÄ±na yarar.  UmarÄ±m seÃ§men, partilerden daha akÄ±lcÄ± davranÄ±r."
984469208888045568,ar,Ù…ØªØ±Ø¬Ù…  Ù…Ø­Ø§Ø±Ù…  Ù…Ù† ØªØ­Øª Ø§Ù„ØºØ·Ø§Ø¡ - Ø·ÙŠØ² Ø²ÙˆØ¬Ø© Ø§Ø¨ÙŠ Ø§Ù„ÙƒØ¨ÙŠØ±Ø©.. https://t.co/BBADKud4F3 https://t.co/trMeGBQviZ Ø³ÙƒØ³_Ø®Ù„ÙÙŠ Ø³ÙƒØ³ÙŠÙ‡ Ù†Ù‡ÙˆØ¯ Ù‚Ø­Ø¨Ù‡ PNID
991902246777405440,es,Sin palabras. https://t.co/X7g4MHyGCy
