author_id,hashtag,count
2097571,FinsburyPark,1
5734902,BerlinerKreis,1
5734902,Hendricks,1
5734902,Klimapolitik,1
9721292,abc15,1
10228272,ProudToBe,1
11325152,DefendRojava,1
13870942,ISIS,1
13870942,YPG,1
14613185,6MiLiars,1
14613185,HHX6,2
14613185,OPWakeTFUp,1
14667187,MarchAgainstSharia,1
14738561,100PercentHuman,1
15274083,Manisa,1
15300388,AltRight,1
15300388,MAGA,1
15300388,MLB,1
15300388,NASCAR,1
15300388,UFC,1
15300388,gop,1
15300388,pjnet,1
15300388,tcot,1
15669672,Sears,1
16106584,PrayforLondon,1
16312576,LegendsOfTomorrow,1
16818036,banislam,1
16860945,Pikeville,1
17325149,Iran,1
17325149,Qatar,1
17325149,Saudi,1
17325149,Turkey,1
17843373,Grenfell,1
18244358,Genius,1
18643437,AmericanPravda,1
18956212,KatesLaw,1
18956212,NoSanctuaryForCriminalsAct,1
19292816,StanleyCupFinal,1
19489239,BreakingNews,1
19489239,Diaspora,1
19489239,MiddleEast,1
19899606,Corbyn,1
19899606,KensingtonTownHall,1
19995182,TurkeyHandsOffAfrin,1
20429858,fedidwgugl,1
20435808,donnybrookstl,1
20989433,Feminism,1
22153676,AfD,1
22153676,Reil,1
22217443,ConquerRome,1
22217443,ConquerVatican,1
22934558,GE2017,1
23074563,Afrin,1
23074563,Turkey,1
23387115,Turkey,1
23926671,EgyParliament,1
24155607,Dreyer,1
24202654,WhichBingoAwards,1
24518690,ISIS,1
24518690,Iraq,1
24518690,Syria,1
25073877,DDay,1
25506738,SONDAKƒ∞KA,1
26735736,AI,1
26735736,dlpol,1
30651089,tcot,1
31553579,SuperHearts,1
33332251,ThingsJesusNeverSaid,1
34299028,Hilarious,1
34299028,Polyandry,1
34299028,Polygamy,1
34898084,ISIS,1
34898084,Raqqa,1
34898084,SDF,1
34898084,Syria,1
37020028,African,1
37020028,America,1
37020028,Ashkenazim,1
37020028,Berlin,1
37020028,Burke,1
37020028,Chinese,2
37020028,Christian,4
37020028,Communism,1
37020028,Dickens,1
37020028,Disraeli,1
37020028,England,1
37020028,Europe,2
37020028,France,1
37020028,French,1
37020028,Gentile,1
37020028,German,1
37020028,Germans,1
37020028,Herzl,1
37020028,Hitler,3
37020028,Holocaust,2
37020028,Islam,1
37020028,Israel,3
37020028,Jew,3
37020028,Jewish,6
37020028,Jewry,1
37020028,Jews,7
37020028,Liberals,1
37020028,Manchester,1
37020028,Messiah,1
37020028,NWO,1
37020028,NationalSocialism,1
37020028,NationalSocialist,1
37020028,Palestinian,1
37020028,Protocols,1
37020028,Russia,3
37020028,Russian,1
37020028,Sephardim,1
37020028,State,3
37020028,Weishaupt,1
37020028,West,2
37020028,Western,1
37020028,White,3
37020028,WhiteLiberals,1
37020028,Wilson,1
37020028,ZION,1
37020028,Zionism,1
37020028,Zionist,1
37020028,ZionistOccupiedGovernment,1
37020028,Zionists,6
37020028,antiSemitic,1
37020028,antisemitic,1
37020028,assassination,1
37020028,governor,1
37020028,liberals,1
37020028,revolt,1
37020028,revolution,1
37020028,unipolar,1
37020028,war,1
37764422,Investigation,1
37764422,Unmasking,1
39061599,ramadan,1
39061599,religionofpeace,1
42786325,Weimerica,1
43420311,LondonTerrorAttacks,1
43420311,haters,1
44204171,LondonBridge,2
44865971,lfclive,1
46748165,Trudeau,1
48304732,European,1
48304732,ISIS,1
48304732,IslamicState,1
48304732,LondonBridge,1
48304732,Mosul,1
48304732,Qatar,1
48304732,Secular,1
48304732,Secularism,1
48304732,Turkey,2
48304732,UK,1
48304732,democratic,1
48304732,islamiCstate,1
48304732,islamist,1
48304732,money,1
49946953,GE2017,1
49946953,LondonBridge,1
49946953,Syria,1
49946953,TurkeyHandsOffAfrin,6
49946953,TwitterKurds,8
49946953,UKElection2017,1
50797952,chp,1
50797952,gandhi,1
51885332,DemocratsAreTheProblem,1
53063155,CulturalDiplomacy,1
53063155,HumanRights,1
53063155,ISIS,1
57197277,AmericaFirst,1
58007320,BanIslam,1
58007320,MuslimBrotherhood,1
59483227,Gazetecilere√ñzg√ºrl√ºk,1
60317232,MorningJoe,1
61168062,SONDAKƒ∞KA,2
62241187,AdaletY√ºr√ºy√º≈ü√º,1
62513246,FinsburyPark,2
66732993,Eid,1
66732993,EidMubarak,1
66732993,SundayReads,2
66967746,Enfield,1
66967746,London,1
66967746,londonBridge,1
67813133,Afrin,1
67813133,Ghouta,1
67813133,Kurds,1
69190453,Sharia,1
69190453,racism,1
69403710,LoveIsLove,1
70024758,HeterosexualPrideDay,1
70804774,catholic,1
70804774,ccot,1
70804774,christian,1
70804774,jewish,1
73494454,WhichBingoAwards,1
73964776,Judenhass,1
73964776,nichtmituns,1
79414190,etkilenmedi,1
80808661,888poker,1
80808661,8Team,1
80808661,FreeTournament,1
80808661,HERO,1
80808661,NLHE,1
80808661,VILLAIN,1
83171810,Holocaust,1
83171810,KillTheLie,1
86989456,MarchAgainstSharia,1
87054700,KamiBersamaHTI,1
87302885,migpol,1
87302885,svpol,1
91882544,LondonAttacks,1
92460378,DarbeDavalarƒ±SeffafOlsun,2
92460378,Duruƒ∞la√ßBekliyor,1
92460378,HuseyinBagƒ∞stifa,1
92460378,OnPatreon,1
92460378,Transparency4Justice,1
93399809,Afghanistan,1
93399809,Kashmir,4
93399809,Khilafah,1
93399809,Pakistan,7
93399809,PanamaPapers,1
93399809,Ramadan,1
93399809,Ramadhan,2
93399809,ShangriLaDialogue,1
96092639,DarbeDavalarƒ±SeffafOlsun,1
96092639,Transparency4Justice,1
96336762,BREAKING,1
96336762,NATO,1
96336762,Serbia,1
99295348,Diyanet,1
99295348,Gulen,2
99295348,Islam,1
99295348,Manchester,1
99295348,Moslim,1
99295348,NL,1
99295348,Turkije,6
99295348,erdogan,1
99295348,islam,3
99295348,moslim,1
99620272,SONDAKIKA,1
104240343,MarchAgainstSharia,1
107870951,drone,1
108450607,BanSpeech,1
108450607,BanTruth,1
108450607,EU,1
108524355,Afrin,1
113987669,Amsterdam,1
113987669,LondonBridge,1
113987669,Manchester,1
113987669,MerkelLand,1
113987669,Netherlands,1
113987669,Westminster,1
115050267,Linz,1
115754870,Manhattan,1
119602583,Á´π‰∏ãÈÉÅÂ≠ê,1
122628049,RABƒ∞Ademek,1
125128723,MarchAgainstHate,1
126758373,Cathedral,1
126758373,Democracy,1
126758373,Erdogan,3
126758373,Gulen,1
126758373,Iftar,1
126758373,Islam,1
126758373,Political,1
126758373,Ramadan,2
126758373,Rumi,1
126758373,Suhoor,1
126758373,Turkey,1
126758373,autocrat,2
126758373,fast,1
126758373,hate,1
126758373,iftar,2
126758373,ramadan,1
138749160,FinsburyPark,1
140685353,‡§ê_‡§∏‡•Å‡§®_‡§®‡§æ,1
140898168,Baahubali,1
140898168,Dhoni,1
140898168,INDvSL,1
140898168,Prabhas,1
141543992,DarbeDavalariSeffafOlsun,1
141543992,Transparency4Justice,1
144442101,b1706,1
148653311,Syria,1
152852932,14Words,2
152852932,HitlerWasRight,1
152852932,ImpactThatMatters,1
152852932,NatSoc,2
152852932,NationalSocialsm,1
152852932,Resist,1
152852932,WakeUp,1
152852932,WhitePeople,1
152852932,education,1
152852932,expected,1
152852932,msm,1
152852932,news,1
152852932,politics,1
156912564,afd,2
156912564,btw17,2
157362942,Africa,1
159483882,gettyimagesnews,1
162301746,Islamist,1
162301746,London,1
162427574,Erdogan,1
162427574,Flynn,1
162427574,FlynnGhazi,1
162427574,SpecialCounsel,1
162427574,Turkey,1
162427574,TurkeyPurge,1
163535738,London,1
165428443,Catholic,1
165428443,Zionists,1
165428443,civilization,1
165428443,preacher,1
165428443,priest,1
165428443,protestant,1
165428443,rabbi,1
167322189,TanerKilic,1
167322189,Turkey,1
167416267,Koalisyonu,1
167416267,Rejim,1
168447977,Antisemit,1
168447977,Arte,1
168447977,BILD,1
173315794,Katar,1
173315794,Qatar,1
173315794,TurkeyWithQatar,1
179130623,AKP,1
179130623,Erdoƒüan,1
179130623,WearetheWorld,1
179130623,iflc2017,1
179130623,iflcGermany2017,1
180113275,AhmetAltan,1
180113275,DarbeDavalariSeffafOlsun,1
180113275,DarbeDavalarƒ±SeffafOlsun,2
180113275,Erdogan,1
180113275,HungerStrike,1
180113275,Leeds,1
180113275,Periscope,1
180113275,Transparency4Justice,3
180113275,Turkey,1
180113275,adalet,1
180113275,marathon,1
180113275,nuriyevesemihya≈üasƒ±n,1
180113275,periscope,1
180113275,purge,1
180113275,terrorist,1
180113275,transparency,1
184926151,GE2017,1
184926151,TeamCuckoo,1
186386857,welcomebackAbbia,1
190171522,AdaletY√ºr√ºy√º≈ü√º,1
190171522,deprem,1
194663746,Orlando,1
194663746,Portland,1
198436154,adalet,1
198436154,justice,1
198436154,seffafiyet,1
198436154,transparency,1
206485760,FelizLunes,1
207398891,AKP_Zulmu,1
207398891,ErdoganYalanlari,1
207459741,attentat,1
207974147,TanerKƒ±lƒ±√ß,1
209176493,DDay,1
209176493,JusticeForGrenfell,1
209274991,BanIslam,1
209274991,UK,1
210903844,G√ºlen,1
210903844,Politico,1
212003801,Bundesbello,1
213555363,G√∂ttingen,1
216606161,RoadtoConey,1
218112550,WomanInTurkey,1
220455907,WomensMarch,1
222968477,FakeNews,1
226850413,Islam,1
229837716,L√ºbeck,1
230014404,Turkey,1
234419133,G√ºnaydƒ±nTGRTdeyiz,1
234419133,TGRTdenMesajƒ±m,1
234485974,SDF,1
239865886,RamazanBirlikZamanƒ±,1
243081824,ÿ≠ÿØÿ´,1
243081824,ÿ±ŸÖÿ∂ÿßŸÜ,1
244004636,Assad,1
244004636,Iran,1
244004636,Kurds,1
244004636,Raqqa,2
244004636,Russia,1
244004636,SDF,2
244004636,Syria,3
244004636,Tabqa,1
244004636,US,2
248829087,AdalaetY√ºr√ºy√º≈ü√º,1
248829087,AdaletOlmazsa,1
248829087,AdaletY√ºr√ºy√º≈ü√º,2
248829087,Adaletƒ∞√ßinY√ºr√ºy√º≈ü,1
248829087,AhmetAltan,2
248829087,DarbeDavalarƒ±SeffafOlsun,1
248829087,EkremDumanlƒ±,1
248829087,MehmetAltan,1
248829087,Nazlƒ±Ilƒ±cak,1
248829087,Transparency4Justice,1
248829087,WalkForJusticeToƒ∞stanbul,1
252441188,Trump,1
254174364,Katar,1
254174364,TwitterKurds,1
255482837,British,1
255482837,Qatar,1
255482837,Saudi,1
255581365,clitectomy,1
255986116,Afrin,1
255986116,Aleppo,1
255986116,Assad,1
255986116,Russia,1
255986116,Syria,1
258537744,GOP,1
258537744,Libtard,1
258537744,batshit,1
258537744,timetogo,1
259584126,2A,1
259584126,UK,1
259584126,teresamay,1
259584126,whatILearnedtoday,1
260527870,kathygriffin,1
262267551,livre,1
270412323,LondonAttacks,1
273468342,Erdogan,1
273648929,BizHazƒ±rƒ±z,1
273648929,Canada,1
273648929,EuphratesShield,3
273648929,Fƒ±ratKalkanƒ±,1
273648929,ISIS,5
273648929,Iran,1
273648929,Iraq,1
273648929,KDP,1
273648929,Kurdistan,6
273648929,Kurds,1
273648929,Qatar,1
273648929,Raqqa,4
273648929,Raqqah,2
273648929,Rojava,3
273648929,Russia,1
273648929,Russian,1
273648929,SDF,3
273648929,SaudiArabia,1
273648929,Syria,12
273648929,Turkey,8
273648929,TwitterKurds,2
273648929,Twitterkurds,6
273648929,US,1
273648929,USA,1
273648929,YPG,4
273648929,turkey,2
273648929,twitterkurds,9
280575139,ÿ≠ŸÑÿ®,1
291967580,DefendEurope,1
292822200,SonDakika,1
296387635,TurkeyHandsOffAfrin,1
302111485,BBN,1
302111485,BBN4Life,1
302111485,Believe,2
302111485,EidMubarak,1
302111485,EnesKanterFoundation,1
302111485,Kentucky,1
302111485,Live4Others,1
302111485,LondonBridge,1
302111485,LondonFire,1
302111485,NBAAwards,1
302111485,NBACats,1
302111485,Ramadan,1
302111485,Squad,1
302111485,Stand,1
302111485,StandTall,1
302111485,Wildcats,1
303815965,festival,2
303815965,iflc2017,3
305655577,DayOfWage,1
305655577,GE2017,2
305655577,GlenfellTower,1
305655577,GrenfellFire,2
305655577,GrenfellTower,3
305655577,GrenfellTowerFire,2
305655577,LondonBridge,3
305655577,ge17,1
306462816,DershaneyleGelenADALET,2
306462816,D√º≈ümanBileOlamazsƒ±nƒ±z,1
306462816,Hi√ßDurmadanHizmeteDevam,1
306462816,Karanlƒ±kG√ºnler,1
306724690,LGBTQ,1
308991080,AskRishiWhoIsDad,1
308991080,FathersDay,1
308991080,PAKvIND,1
308991080,Pakistan,1
311118058,iflcgermany2017,1
311941597,Adalet,1
311941597,AdaletY√ºr√ºy√º≈ü√º,1
312904576,MFS,1
312904576,MMC,1
312904576,Raqqa,1
312904576,SDF,1
312904576,YPG,1
312904576,YPJ,1
314243234,tcot,1
317734636,AmarnathYatra2017,1
317734636,CriminalChaurasia,1
317734636,GundaManikSarkar,1
317734636,StonePelters,1
317734636,WorldMusicDay,1
317734636,‡§ó‡§â_‡§π‡§§‡•ç‡§Ø‡§æ‡§∞‡•Ä_Congress,1
330357834,Asylunterk√ºnfte,1
330357834,Hamburg,1
330357834,Millionenkosten,1
331472966,6DayWar,1
331472966,6daysuntilmalibu,1
331472966,Fake6DayWar,1
331472966,FreePalestine,1
331472966,Israel,1
331472966,MuslimArmies,1
331487598,AyahOfTheDay,3
331487598,Badr,1
331487598,BattleOfBadr,1
331487598,HadithOfTheDay,2
331487598,Israel,1
331487598,Last10Days,1
331487598,LaylatulQadr,1
331487598,Ramadhan,5
331487598,SixDayWar,1
332319927,GayRights,1
332319927,HumanRights,1
333625072,RamzanPurifiesSoul,1
334318803,FranzKafka,1
338317842,BRITAIN,1
340053578,auspol,1
340053578,outsiders,1
346612013,BigIftar,1
349687389,ÿ£ÿ±ÿØŸàÿ∫ÿßŸÜ,2
349687389,ÿßŸÑÿ≥ÿπŸàÿØŸäÿ©,1
349687389,ÿ≠ÿ±ŸÉÿ©_ÿßŸÑÿÆÿØŸÖÿ©,1
349687389,ŸÇÿ∑ÿ±,1
358204197,VoteUKIP,1
358545917,ComeyDay,1
365854454,ACMilan,2
365854454,ASRoma,1
365854454,AsianHandicap,3
365854454,CFC,1
365854454,ConfedCup,2
365854454,EFC,1
365854454,FRAANG,1
365854454,FiersdetreBleus,1
365854454,ForzaJuve,1
365854454,GERMEX,1
365854454,HalaMadrid,2
365854454,ICECRO,1
365854454,IF,1
365854454,InternationalFriendly,1
365854454,LFC,1
365854454,LOI,1
365854454,MCFC,3
365854454,MEXRUS,1
365854454,MUFC,1
365854454,NORSWE,1
365854454,NUFC,1
365854454,PL,2
365854454,PSG,1
365854454,ROMLIV,1
365854454,RealMadrid,1
365854454,RomaLFC,1
365854454,RomaLiverpool,1
365854454,RussiaChile,1
365854454,SBOBET,9
365854454,Sneijder131,1
365854454,UCLFinal,1
365854454,UCLfinal,1
365854454,WBA,1
365854454,WCQ,1
365854454,WorldCupQualifiers,1
365854454,betting,4
365854454,inplay,1
366424769,kadirgecesi,1
374315940,FakeNews,1
374315940,surveillancecapitalism,1
379064309,Raqqah,1
379064309,SDF,1
380648579,BREAKING,1
381994185,Asker,1
381994185,A≈üiret,1
381994185,Halk,1
381994185,K√∂yl√º,1
381994185,K√ºrt,1
381994185,Minib√ºs,1
381994185,PKK,1
381994185,Parti,1
381994185,Politika,1
381994185,Savcƒ±,1
388355698,BuletinAlIslam861,6
396259700,Feminists,1
399367980,Bitlis,1
399367980,SonDakika,1
399367980,Tatvan,1
403647191,FlashbackFriday,1
414881623,TurkeyHandsOffAfrin,1
414881623,turkeyhandsoffafrin,1
417457529,gazetesozcu,1
420542453,Adalet,1
420542453,AdaletY√ºr√ºy√º≈ü√º,2
420542453,DarbeDavalarƒ±SeffafOlsun,8
420542453,LondonAttacks,1
420542453,LondonBrige,1
420542453,Periscope,3
420542453,Scope,1
420542453,Transparency4Justice,8
420542453,news,2
420542453,periscope,3
420542453,scope,1
420542453,talk,2
424893128,Erdoƒüan,2
424893128,Katar,1
428435379,TwitterKurds,3
435725661,Rojava,1
436045893,LondonHoax,1
450601261,Syria,1
454388038,Erdogan,1
454388038,Gulen,1
454388038,Turkey,1
454388038,Turkmenistan,1
455264233,Brussels,1
455264233,FinsburyPark,7
455264233,FinsburyParkŸê,1
455264233,IslamIsTheProblem,1
455264233,JoCox,1
455264233,Left,1
455264233,London,1
455264233,LondonAttacks,8
455264233,LondonBridge,3
455264233,Manchester,1
455264233,OneLoveManchester,1
455264233,ParisAccord,1
455264233,ParisClimateDeal,1
455264233,leftylogic,1
455264233,racism,1
455830743,Bundesregierung,1
455830743,London,1
455830743,LondonAttack,1
455830743,LondonBridge,1
455830743,LondonBridgeAttack,1
455830743,LondonTerrorAttack,1
455830743,SadiqKahn,1
455830743,bouroughmarket,1
461858710,Cumhurba≈ükanƒ±Erdoƒüan,1
470298741,ManchesterBombing,1
471673488,JamesComey,1
471673488,SethRich,1
478170193,FreeTaner,1
478170193,TanerKƒ±lƒ±√ß,1
487834443,NuriyeveSemihƒ∞≈üeƒ∞adeEdilsin,1
487834443,VeyselAmca,1
487834443,iflc2017,1
487834443,iflcGermany2017,2
488018270,AfD,3
488018270,Antideutsche,1
488018270,Antifa,4
488018270,Antisemit,1
488018270,Auschwitz,1
488018270,BaehRD,2
488018270,CDU,1
488018270,Dogma,2
488018270,Dommergue,1
488018270,Gutmenschen,1
488018270,Heidegger,1
488018270,Heuchelei,1
488018270,Holocaust,5
488018270,Israel,1
488018270,Juden,1
488018270,Judenhass,1
488018270,Kirchentag,1
488018270,Kirchentag2017,1
488018270,Luther,1
488018270,Mafia,1
488018270,Meinungsfreiheit,1
488018270,Menuhin,1
488018270,Psychoterror,1
488018270,Psychowaffe,1
488018270,SPD,1
488018270,Schuldkult,2
488018270,Selbsthass,1
488018270,US,1
488018270,Zivilreligion,1
488018270,fckspd,2
488018270,leipzigerbuchmesse,1
488018270,niewiederspd,1
488018270,rechtsextrem,1
488018270,spd,2
489762508,Absence,1
489762508,Islamic_State,1
489762508,Zakat,1
490181551,TurkeyHandsOffAfrin,1
492699686,NBAAwards,1
497244729,Vatansaƒüolsun,1
497585578,BelaUlama,2
497585578,KamiBersamaHTI,8
497585578,KhilafahAjaranIslam,7
497585578,RamadhanBerkah,1
497585578,SoalJawab,1
497585578,TestimoniIntelektual,1
510099744,Erdoƒüan,1
510099744,Qatar,1
510099744,Turkish,1
510099744,T√úRGEV,1
512019219,‡§ï‡•É‡§∑‡•ç‡§£‡§æ,1
512019219,‡§∂‡•Å‡§≠‡§∂‡§ø‡§µ‡§µ‡§æ‡§∞,1
521458643,Germany,1
521750725,Palestine,1
521750725,Palestiniens,1
521750725,isra√´l,1
526110917,AKPiktidardangidecekveyargƒ±lanacaklar,1
526110917,VeliSa√ßƒ±lƒ±k,1
526110917,iflc2017,1
526110917,ƒ∞hbarEdiyorum,2
526651652,democrats,1
526651652,dems,1
526651652,maga,1
526651652,obamacare,1
526651652,resist,1
526651652,theresistance,1
526651652,travelban,1
529745558,–∞–≤—Ç–æ,1
534434172,OnThisDay,1
534434172,WhiteLivesMatter,1
544732668,PKK,1
544732668,Turkey,1
556307338,T√ºrkPolisiGururumuzdur,1
566273326,14W,1
566273326,WR,1
566273326,WhiteGenocide,1
566273326,paypal,1
577483196,DarbeninSenaryoAyaƒüƒ±,1
577483196,Herkesƒ∞√ßinAdalet,1
577483196,deprem,1
577483196,≈ûunuHerkesDuysun,1
577608165,QSD,1
577608165,Rakka,1
586163145,Afrin,7
586163145,Aleppo,1
586163145,HPG,1
586163145,ISIS,2
586163145,Idlib,1
586163145,Jinwar,1
586163145,Kobane,1
586163145,Koban√™,1
586163145,LondonBridge,1
586163145,Raqqa,9
586163145,Rojava,1
586163145,SDF,13
586163145,Syria,1
586163145,Turkey,1
586163145,TurkeyHandsOffAfrin,1
586163145,WrathOfEuphrates,1
586163145,YPG,7
586163145,YPJ,5
591505507,MAGA,1
591505507,ThursdayThoughts,1
608471241,Ramadan,1
611986351,SethRich,1
618011830,BREAKING,1
618011830,IS,1
618011830,Raqqa,3
618011830,Rasafah,1
618011830,SDF,1
618011830,Turkey,1
618011830,TurkeyHandsOffAfrin,1
628545424,Erdogan,1
628545424,STOPERDOGAN,1
628545424,YPG,1
628545424,arresterdoganbodyguards,1
629253651,AKPli,1
629715036,IB,2
629715036,London,1
629715036,Maischberger,1
629715036,Refugees,1
629715036,b1706,3
629715036,blockIB,1
629715036,btw17,1
629715036,ibster,2
629902814,ThunderUp,1
630302721,ÿ£ÿ≠ÿØÿßÿ´_ŸÅŸä_ÿßŸÑŸÖŸäÿ≤ÿßŸÜ,5
630302721,ÿßŸÑÿÆŸÑÿßŸÅÿ©,4
630302721,ÿßŸÑŸÜÿ∏ÿßŸÖ,1
630302721,ÿßŸÑŸäŸàÿ™ŸäŸàÿ®,1
630302721,ÿ≠ÿ≤ÿ®_ÿßŸÑÿ™ÿ≠ÿ±Ÿäÿ±,5
630302721,ÿØÿ±ÿπ_ÿßŸÑŸÅÿ±ÿßÿ™,1
630302721,ÿ±ŸÖÿ∂ÿßŸÜ,1
630302721,ÿ≥Ÿàÿ±Ÿäÿß,1
630302721,ŸÉŸÑŸÖÿ©,1
631891239,‡§π‡§ø‡§ö‡§ï‡•Ä,2
703136774,ZioNaziJewsOnly,1
703213361,DespacitoRemix,1
740850751,MarchAgainstSharia,1
756255906,UbiE3,1
778869643,wirklich,1
823516964,ECHR,1
823516964,Egypt,1
823516964,Erdogan,4
823516964,PACE,1
823516964,Turkey,2
826537184,londonbridge,3
826537184,londonbridgeattack,3
826537184,pjnet,2
826537184,tcot,1
829735580,WakeUpAmerica,1
833234856,Waleed,1
833234856,dogright,1
844081278,AfD,1
844081278,Gauland,1
844081278,LtwNRW17,1
844081278,RAR2017,1
844081278,vonderLeyen,1
850036892,AmericanPravda,1
850036892,CNN,1
861718436,Democrats,1
861718436,terrorists,1
879471643,Berlin,1
879471643,RRG,1
879471643,Rigaer,1
897619242,AUS,1
897619242,CAM,1
897619242,CAMAUS,1
897619242,ConfedCup,1
897619242,ConfederationsCup,2
897619242,DiscussionDay,1
897619242,England,1
897619242,EuropeanChampionships,1
897619242,FRAENG,1
897619242,France,1
897619242,IntFriendly,1
897619242,MayweatherMcGregor,1
897619242,RoadToConey,1
897619242,WCqualifiers,1
897619242,Wimbledon,1
897619242,betting,1
897619242,soccer,1
897619242,tennis,1
908546028,WeAreSoScrewed,1
927576336,SDF,1
927576336,WrathOfEuphrates,1
929430463,MuslimRapists,1
933435002,Fired,1
933435002,Impeached,1
934922696,bishoujo,1
934922696,cosplay,1
934922696,ecchi,1
934922696,kancolle,1
934922696,lewd,1
938047747,ComeyTestimony,1
938047747,NothingBurger,1
954124423,2A,1
954124423,ANTIFA,1
954124423,Alexandria,7
954124423,BostonMarathon,1
954124423,Comey,2
954124423,ComeyHearings,2
954124423,CongressionalBaseballGame,1
954124423,DDay,3
954124423,Enriched,1
954124423,FRAUDS,1
954124423,FinsburyPark,3
954124423,Frauds,2
954124423,FreeLaura,2
954124423,GA06,5
954124423,HoldTheFloor,1
954124423,HuntRepublicanCongressmen,2
954124423,KatesLaw,3
954124423,LGBTQ,1
954124423,LockHerUp,2
954124423,LondonAttacks,2
954124423,LondonBridge,7
954124423,LondonFire,1
954124423,MAGA,3
954124423,Manchester,1
954124423,MarchAgainstSharia,4
954124423,MedalofFreedom,1
954124423,Memories,1
954124423,MorningJoe,1
954124423,MuslimBrotherhood,13
954124423,NRA,1
954124423,NewTwitter,2
954124423,NoSanctuaryForCriminalsAct,1
954124423,Nothing2DoWithISLAM,1
954124423,Nothing2DoWithIslam,1
954124423,Nothing2DoWithLiberalism,1
954124423,NotreDame,1
954124423,Orlando,1
954124423,OrlandoUnitedDay,1
954124423,ParisAgreement,1
954124423,Pride2017,1
954124423,Pulse,1
954124423,Ramadan,6
954124423,SessionsHearing,3
954124423,Sick,2
954124423,StopTheInvasions,1
954124423,Watergate,2
954124423,Wellesley2017,1
954124423,Wikileaks,3
954124423,WomensMarch,7
954124423,WorldRefugeeDay,2
954124423,caring,1
955958994,Demirta≈ü,1
958020944,Abschiebestopp,1
958020944,Afghanistan,1
958020944,Lieblingszitat,1
958020944,LondonBridge,1
958020944,May,1
958020944,Menschenrechte,1
958020944,Ramadan,1
958020944,Sharialaw,1
958020944,Theresa,1
958020944,Vauxhall,1
958020944,boroughmarket,1
958020944,londonattack,1
958020944,londonbridge,1
967270627,Antisemitism,1
967270627,Jews,1
967270627,Zionism,1
967270627,false,1
975217231,FireMueller,1
1016220361,BillC6,1
1016220361,ITalExit,1
1016220361,NoiConSalvini,1
1016220361,PD,1
1034567318,IS,1
1034567318,Raqqa,2
1034567318,SDF,2
1034567318,WrathOfEuphrates,2
1077181999,Efrin,1
1103715715,BlindFaith,1
1103715715,BrusselsAttack,1
1103715715,ImmatureBarbarism,1
1103715715,NationalSocialistLivesMatter,1
1103715715,UKElection,1
1133701598,mo,1
1135496646,BTW2017,1
1135496646,CDU,1
1135496646,CNN,1
1135496646,Klimaabkommen,1
1135496646,Medien,1
1135496646,ParisAgreement,1
1135496646,SPD,1
1135496646,Tauber,1
1135496646,Twitter,1
1141341337,Amazing,1
1141341337,revolutionary,1
1169233927,ECHR,1
1169506842,politicalislam,1
1191313830,HowsThatDiversityWorking,1
1208695074,Fluechtlinge,1
1208695074,Grenzoeffnung,1
1208867773,GoHome,1
1208867773,HellNo,1
1208867773,NotInMyCountry,1
1208867773,ShariaLaw,1
1236713340,BAKUR,1
1236713340,KURD,1
1236713340,PKK,1
1236713340,SEHID,1
1250027652,abendblatt,1
1250027652,ltwsh17,1
1260552937,MAGA,1
1273010575,AfD,1
1273010575,Asylkrise,1
1273010575,Btw17,1
1299769218,LondonAttacks,1
1301159580,FACT,1
1345200818,AfD,1
1345200818,CDU,1
1345200818,Kohl,1
1345200818,NSU,1
1345200818,Staatstrojaner,1
1379288282,CounterACThate,1
1379288282,ResistMarch,1
1379288282,TrumpMusicals,1
1394072096,Yargƒ±yaG√ºveniyoruz,1
1403085170,TijsvdBrink,1
1417793336,IHopeThereAreTapesOf,1
1427032460,LondonBridge,1
1427032460,remigration,1
1471615951,MAGA,1
1471615951,RedNationRising,1
1475796312,Qatar,1
1475796312,Trump,1
1487957258,OpenBordersforIsrael,1
1487957258,Refugees4Israel,1
1493926051,UbiE3,1
1530736134,BekirBerk,1
1530736134,BuzGibiGer√ßek,1
1530736134,Firavun,1
1530736134,Her≈üeyOrtada,1
1530736134,IFLC,1
1530736134,IFLC2017,1
1530736134,Kontroll√ºDarbe,1
1530736134,Ramazan,1
1530736134,Stuttgart,1
1530736134,SuatYƒ±ldƒ±rƒ±m,1
1530736134,Unutmayƒ±n,1
1530736134,al√ßaklƒ±k,1
1530736134,dostluk,1
1530736134,omurgasƒ±z,1
1530736134,sevgi,1
1530736134,ƒ∞blis,1
1530736134,≈ûeytanlƒ±k,1
1536657750,Bamteli,3
1536657750,Bedi√ºzzaman,1
1536657750,Ben≈û√¢hidim,1
1536657750,Canlƒ±Mukabele,1
1536657750,Hocaefendi,5
1536657750,Hƒ±fzDuasƒ±,1
1536657750,KadirGecesi,1
1536657750,NurKaynaƒüƒ±,1
1536657750,Ramazan,1
1536657750,Sava≈üEndi≈üesi,1
1536657750,VirdiZeb√¢n,1
1536657750,Yusuf,3
1542805482,AfD,1
1542805482,btw17,1
1542805482,ltwnrw,1
1551617970,CrookedHillary,1
1558861508,God,1
1558861508,religion,1
1558861508,religious,1
1561634388,BlackViolence,2
1561634388,MudsharkProblems,1
1605836610,SayNo,1
1609037767,Katar,1
1623758647,Justice17,1
1625300959,Merkel,1
1628552390,DayOfRage,1
1661998495,yapamƒ±yorum,1
1670366851,Baydemir,1
1670366851,Kemalbay,1
1670366851,SurSofrasƒ±naBekliyor,1
1670366851,SuruYalnƒ±zBƒ±rakma,1
1703057576,Schiffbr√ºchige,1
1703057576,Strafbar,1
1860213318,Jinwar,1
1860213318,Syria,1
1880640066,Jews,1
1886151584,AhmetAltan,9
1886151584,MehmetAltan,1
1888267922,FrenchOpen,1
1888267922,Nadal,1
1888267922,Portugal,1
1888267922,Serbia,1
1888267922,U21EURO,1
1888267922,Wawrinka,1
1912095728,Afrin,1
1912095728,YPG,1
1943138839,svpol,1
2159335132,Ayatollah,1
2159335132,AyatollahTerror,1
2159335132,Eid,1
2159335132,EidMubarak,1
2159335132,HDP,1
2159335132,Houthi,1
2159335132,ISIS,1
2159335132,IslamicState,1
2159335132,KRG,2
2159335132,Mosul,1
2159335132,MuslimBrotherhood,1
2159335132,Nineveh,1
2159335132,RIPHero,1
2159335132,Raqqa,3
2159335132,Rojava,1
2159335132,SDF,2
2159335132,SaudiWithKurdistan,1
2159335132,SaudiwithKurdistan,1
2159335132,Seyfo,1
2159335132,Syria,3
2159335132,TwitterKurds,11
2159335132,YPJ,1
2159335132,Yemen,1
2166411026,TwitterKurds,9
2167525794,Alexandria,1
2167525794,BlackPanther,2
2167525794,Brexit,1
2167525794,ChampsElysees,1
2167525794,DontLookBackInAnger,2
2167525794,FinsburyPark,4
2167525794,Grenfell,4
2167525794,IThinkWeShouldOutlaw,1
2167525794,JusticeForGrenfell,2
2167525794,Manchester,1
2167525794,Pride2017,1
2167525794,ResolveConflictBy,1
2167525794,SocialCrisis,1
2167525794,SugarBabies,1
2167525794,TRIGGERED,1
2167525794,UK,1
2167525794,VAShooting,1
2167525794,Vote2017,1
2167525794,WeWozKangz,1
2167525794,WhiteGenocide,1
2177257933,FUCKISLAM,1
2202862823,Amed,1
2202862823,Lice,1
2202862823,TwitterKurds,1
2205538201,Zalimlerƒ∞√ßinYa≈üasƒ±nnCehennem,1
2209355419,FethullahGulen,1
2209355419,GulenMovement,1
2217789408,DiscussionDay,1
2217789408,DogDayAfternoon,1
2217789408,Wimbledon,1
2220399338,AdaletY√ºr√ºy√º≈ü√º,1
2237984875,NichtMitUns,1
2238558188,GulenMovement,1
2238558188,news,1
2251891789,FakeNews,1
2251891789,Hetze,1
2251891789,Hizmet,2
2251891789,Morddrohung,1
2251891789,Moscheeprojekt,1
2251891789,Pressemitteilung,1
2251891789,SeyranAtes,2
2255015239,ÿ®ÿ±ÿ¨ÿßŸÖ_ŸÖŸÜÿ∑ŸÇŸá‚Äåÿß€å,1
2267162084,deprem,1
2274622868,9HazirandaGalatasaraya,1
2274622868,NuriyeVeSemihYalnƒ±zDeƒüildir,1
2274622868,NuriyeVeSemihƒ∞√ßin,1
2291600034,Africa,2
2291600034,Georgia,1
2291600034,Gulen,2
2291600034,GulenMovement,1
2291600034,HizmetMovement,1
2291600034,HizmetSchools,2
2291600034,MaarifFoundation,1
2291600034,NASA,1
2291600034,Turkey,3
2291600034,Turkeypurge,1
2291600034,extradition,1
2291600034,hizmet,1
2291600034,maarif,1
2291600034,responsibility,1
2295343929,DDay,1
2300079561,AdaletY√ºr√ºy√º≈ü√º,1
2300079561,London,1
2300079561,LondonBridge,1
2300079561,Ramadan,1
2300079561,VatanSaƒüolsun,1
2300079561,WANTED,1
2300079561,d√º≈ü√ºnd√ºmde,1
2300079561,iflc2017,1
2300079561,londonattack,1
2300079561,sevgicocuklarƒ±,1
2300079561,tarifsizacƒ±,1
2300079561,≈ûunuNetS√∂yl√ºyorum,1
2303144886,Waffe,1
2303144886,dunningkruger,1
2304982278,adalet,1
2305000526,Ayasofya,1
2305000526,Fatih,1
2305000526,Fetih,1
2305000526,Hilafet,1
2305000526,Payitaht,1
2305000526,Ramazan1438,1
2305000526,Yƒ±lmaz√áelik,3
2323137780,EsmaUludaƒü,1
2323137780,RisaleiNur,1
2323229425,Ankara,1
2323229425,Erdogan,3
2323229425,Turkey,2
2330294508,AsAMuslimWeShould,1
2341500979,Deutschland,1
2354700919,twitterblockedinturkey,1
2357491118,DarbeDavalariSeffafOlsun,1
2357491118,Transparency4Justice,1
2361083941,DOWNLOAD,2
2361083941,ManoloRamos,1
2361083941,OlgaTanon,1
2369640619,LoveTrumpsTwitter,1
2369640619,Mika,1
2369640619,joescarborough,1
2398002414,24hPolizei,1
2398002414,Friedrichshain,1
2415316554,HellWorld,1
2419518318,HeterosexualPrideDay,1
2422267465,DIVERSITY,1
2422267465,StandUpForEurope,1
2422267465,WhiteGenocide,1
2422775929,Hizmet,5
2422775929,Islam,1
2424583082,Jihad,1
2432435052,Americans,1
2432435052,MuslimMayorSaidGetUsedToIt,1
2432435052,Trump,1
2438013757,AltRight,1
2441468996,DonaldTrump,1
2441468996,makeourplanetgreatagain,1
2441468996,trumpclimate,1
2445809510,YearThree,1
2445809510,YearTwo,1
2445809510,vidcon2017,1
2455345196,AdaletY√ºr√ºy√º≈ü√º,1
2473757377,HerkulNaƒüme,1
2473757377,Hocaefendi,1
2473757377,Pƒ±rlantaS√∂zler,4
2473757377,SohbetiC√¢n√¢n,1
2473757377,tah≈üid√¢t,1
2508789031,DefendPDX,2
2508789031,PhilandoCatile,1
2508789031,antifa,2
2536301761,LockHimUp,1
2562752942,Estonia,1
2562752942,History,1
2562752942,Moldova,1
2562752942,Montenegro,1
2562752942,Moscow,1
2562752942,Nationalism,1
2562752942,Russia,1
2562752942,Ukraine,1
2566535282,Afrin,1
2566535282,Raqqa,1
2577425461,FinsburyPark,1
2583889045,ÿ£ÿ±ÿØŸàÿ∫ÿßŸÜ,1
2584797956,ISIS,1
2584797956,Kobane,1
2584797956,TerroristTurkey,1
2584797956,TwitterKurds,1
2596413645,BadIceCreamFlavours,1
2596413645,KeepAmericaGreat,1
2596413645,Trump2020,2
2610455685,Lys2017,1
2653471326,Cheesing,1
2653471326,LFC,1
2653471326,YNWA,1
2674085833,GROUP,1
2674085833,IMPERATIVE,1
2674085833,JUSTIFIED,1
2674085833,KRPX,1
2674085833,LIFE,1
2674085833,REDEMPTION,1
2674085833,SLAUGHTERED,1
2674085833,SPARED,1
2674085833,ùêÜùêìùêÖùêé,1
2674085833,ùêìùêëùêàùêè,1
2682483841,Covfefe,1
2682483841,maga,1
2718381160,DISGUSTING,1
2718381160,ISIS,1
2718381160,PKK,1
2718381160,Raqqa,1
2718381160,US,1
2726549683,AhmetAltan,1
2726549683,CesaretBula≈üƒ±cƒ±,1
2726549683,GokhaOzbek,1
2742527622,ger√ßek≈üuki,1
2746979823,LondonFire,1
2752052868,–ê–ó–û–í,6
2752052868,–í—ñ–ª—å–Ω–∏–π–ú–∞—Ä—ñ—É–ø–æ–ª—å,2
2752052868,–ó–∞–ø–æ—Ä—ñ–∂–∂—è,1
2752052868,–ú–∞—Ä—ñ—É–ø–æ–ª—å,3
2752052868,–ù–∞—Ü—ñ–æ–Ω–∞–ª—å–Ω–∏–π_–ö–æ—Ä–ø—É—Å,3
2752052868,–û–¥–µ—Å–∞,1
2752052868,–ø–æ–ª–∫_–ê–∑–æ–≤,6
2755430545,BREAKING,2
2755430545,Efrin,3
2755430545,Raqqa,7
2755430545,Rojava,2
2755430545,SDF,6
2755430545,Syria,5
2755430545,Turkey,3
2755430545,TurkeyHandsOffAfrin,2
2755430545,Turkish,2
2755430545,WrathOfEuphrates,2
2755430545,YPG,4
2766151782,CensorshipInFrance,1
2780282383,1Ger√ßekte≈ûuKi,1
2784456429,pazartesi,1
2791190705,Valencia,1
2813185695,TurkeyHandsOffAfrin,1
2834579854,Britain,1
2834579854,EU,1
2834579854,London,1
2834579854,UK,1
2836882956,Assad,1
2838002775,Beck,1
2838002775,Tagesschau,1
2841998391,Hentai,2
2841998391,MustFollow,1
2841998391,boobs,1
2841998391,dailyhentai,1
2841998391,ecchi,5
2841998391,gangbang,1
2841998391,hentai,19
2841998391,hentaianime,4
2841998391,hentaichristmas,1
2841998391,hentaicommunity,2
2841998391,hentaigif,1
2841998391,hentailovers,2
2841998391,hentaisummer,1
2841998391,hentaiteengirl,18
2841998391,idolmaster,1
2841998391,lewd,15
2841998391,oppai,2
2841998391,paizuri,3
2841998391,pixelart,1
2841998391,reinohentai,1
2841998391,teamhentai,1
2844434909,SizinMesajlarƒ±nƒ±z,3
2844434909,≈ûehitlereS√∂z,1
2845849081,Canadian,1
2845849081,ISIS,1
2845849081,Raqqa,3
2845849081,SDF,1
2845849081,Sinjar,1
2845849081,YPG,2
2845849081,YPJ,4
2845849081,Yazidi,1
2848435185,Raqqa,1
2848435185,SDF,1
2848435185,SNC,1
2862359981,Cumhurba≈ükanƒ±Erdoƒüan,2
2862858446,FLASH,1
2862858446,FLA≈û,1
2868400327,EVOLVE86,1
2871588796,DarrenOsborne,1
2871588796,Finsbury,1
2874901822,AdaletOlmazsa,1
2882292113,ÿÆÿ®ÿ±_ŸÉÿßÿ∞ÿ®,1
2882902307,AdaletY√ºr√ºy√º≈ü√º,1
2897665331,ECHR,2
2897665331,Erdogan,1
2897665331,FreeMustafaEmreCabuk,1
2897665331,FreeTurkeyJournalists,1
2897665331,FreeTurkeyMedia,2
2897665331,Journalismisnotacrime,2
2915187060,USSLiberty,1
2917187933,CrimeaisUkraine,1
2917187933,InMemoriam,1
2917324007,samur√°i,1
2922345639,BREXIT,1
2922345639,Brits,1
2926171413,bansharia,1
2927236667,Afrin,1
2927236667,Bakur,1
2927236667,BreakSilenceOnAfrin,1
2927236667,Daesh,4
2927236667,FreePress,1
2927236667,ISIS,4
2927236667,Italy,1
2927236667,KSA,1
2927236667,PressFreedom,1
2927236667,Raqqa,2
2927236667,Rojava,8
2927236667,SDF,6
2927236667,Saudi,1
2927236667,SaudiArabia,1
2927236667,StopAfrinGenocide,1
2927236667,Syria,8
2927236667,Terrorism,1
2927236667,Turkey,4
2927236667,TwitterKurds,10
2927236667,US,1
2927236667,USA,1
2927236667,Washington,1
2927236667,WrathOfEuphrates,4
2927236667,YPG,6
2927236667,YPJ,6
2927236667,terrorist,1
2944970250,‡§î‡§∞_‡§ï‡•ç‡§Ø‡§æ_‡§ö‡§æ‡§π‡§ø‡§è,1
2952358669,NationalSunglassesDay,1
2961037665,19JAlertaFeminista,1
2966118263,Altkanzler,1
2966118263,HelmutKohl,1
2969851065,B1706,1
2975094340,StopIslam,1
2976578589,Erdogan,1
2976578589,MuslimBrotherhood,1
2976578589,Rabia,1
2984077096,ISIS,2
2984077096,SDF,1
2984077096,Tabqa,1
2984077096,YPJ,1
2984077096,feminist,1
2984077096,feminists,1
2990529982,LondonAttacks,1
3000486527,Az√ñnce,1
3005762823,FEDUP,1
3005762823,RETWEET,1
3007183806,RefugeesNotWelcome,1
3019961223,Sem√°forosConOrgullo,1
3034402550,ÿßŸÇÿ±ÿ£,1
3034402550,ÿßŸÑÿ¨ŸàŸÑÿ©_ÿßŸÑÿ•ÿÆÿ®ÿßÿ±Ÿäÿ©,1
3034402550,ÿßŸÑÿÆŸÑÿßŸÅÿ©_ÿßŸÑÿ±ÿßÿ¥ÿØÿ©,1
3034402550,ÿßŸÑŸÖÿ≥ÿ™ÿπŸÖÿ±,1
3034402550,ÿßŸÑŸÜŸÅŸàÿ∞_ÿßŸÑÿ≥Ÿäÿßÿ≥Ÿä,1
3034402550,ÿ®ÿ±Ÿäÿ∑ÿßŸÜŸäÿß,1
3034402550,ÿ™ŸàŸÜÿ≥,1
3034402550,ÿ¨ÿ±ŸäÿØÿ©_ÿßŸÑÿ±ÿßŸäÿ©,3
3034402550,ÿ≠ÿ≤ÿ®_ÿßŸÑÿ™ÿ≠ÿ±Ÿäÿ±,1
3034402550,ÿ±ŸÖÿ∂ÿßŸÜ,1
3034402550,ŸÑŸäÿ®Ÿäÿß,1
3044638385,2226Yƒ±llƒ±kGururumuz,1
3054317217,GrenfellTower,1
3059181352,SONDAKƒ∞KA,1
3067057848,Communism,1
3067057848,NationalSocialism,1
3067057848,Nazi,1
3067057848,Paris,1
3074775040,bahar,1
3081921375,CAIR,1
3081921375,RadicalIslamicCAIRism,1
3089155533,BlogHer17,1
3089155533,BuildThatWall,1
3089155533,KatesLaw,1
3089155533,MAGA,2
3089155533,MorningJoe,1
3089155533,MuslimBan,1
3089155533,NationalSelfieDay,1
3089155533,PaulNehlen,1
3089155533,SaveAmericanLives,1
3089155533,WhiteGenocide,5
3089497123,AB,1
3089497123,ABD,2
3089497123,Afganistan,1
3089497123,Afrika,1
3089497123,Almanya,1
3089497123,Arabistan,1
3089497123,Avrupa,1
3089497123,AvrupaBirliƒüi,1
3089497123,Bajwa,1
3089497123,Bayram,1
3089497123,Birlik,1
3089497123,Ekonomik,1
3089497123,Erdoƒüan,1
3089497123,Etnik,1
3089497123,Filistin,1
3089497123,Genelkurmay,1
3089497123,Hayƒ±rlƒ±,1
3089497123,Hilafet,3
3089497123,Hilafetiƒ∞kameEdin,1
3089497123,Hilal,1
3089497123,Kabil,1
3089497123,Katar,1
3089497123,Kriz,1
3089497123,L√ºbnan,1
3089497123,Pakistan,2
3089497123,RAMAZANI,1
3089497123,Rakka,1
3089497123,Ramazan,8
3089497123,RamazanBirlikZamanƒ±,2
3089497123,Ra≈üidiHilafet,1
3089497123,Rohingya,1
3089497123,SOMALƒ∞,1
3089497123,Siyasi,1
3089497123,Suriye,3
3089497123,Suudi,1
3089497123,Tebrik,1
3089497123,Tevekk√ºl,1
3089497123,Trump,1
3089497123,ZaferAyƒ±,1
3089497123,√úmmet,1
3089497123,√úrd√ºn,1
3089497123,ƒ∞slam,1
3089497123,≈ûevv√¢l,1
3091769284,HolaUrnes,1
3101694223,YogaDay2017,1
3102013813,kalergi,1
3102013813,maga,1
3102013813,tcot,1
3102013813,trump,1
3102013813,whitegenocide,1
3105864599,WhiteGenocide,1
3110905846,londonfire,1
3110915034,E32017,2
3125285702,freemustafaemecabuk,1
3134261109,√áakmaOzanAhlaksƒ±zArif,1
3150705876,AUSpol,2
3150705876,AdamWest,1
3150705876,Brighton,1
3150705876,GOYIM,1
3150705876,IMCairns,1
3150705876,ISIS,1
3150705876,IslamicState,1
3150705876,Palestinians,1
3150705876,PeterSallis,1
3150705876,Progress2017,1
3150705876,SEP11,1
3150705876,USSLiberty,1
3150705876,VICpol,1
3150705876,iSRAel,1
3150705876,insiders,1
3150705876,jews,1
3150705876,technology,1
3160381099,Auspol,1
3160381099,DiversityMeans,2
3160381099,ausPol,1
3177406031,FinsburyPark,1
3200060140,AllahHuAkbar,1
3200060140,EU,1
3200060140,England,1
3200060140,FOP,1
3200060140,IslamicState,1
3200060140,Muslims,1
3200060140,Nationalist,1
3200060140,PEGIDA,1
3200060140,Police,1
3200060140,USA,1
3200060140,USSLiberty,1
3200060140,antifa,1
3227286237,ISIS,1
3227286237,Raqqa,1
3227286237,SDF,1
3227400208,OneLoveManchester,1
3237446726,Mosul,1
3244921294,Anha,1
3244921294,BlackFlagDown,1
3244921294,France24,1
3244921294,Kurds,1
3244921294,MMC,2
3244921294,Raqqa,22
3244921294,SDF,4
3244921294,SehidNamirin,2
3244921294,YPG,1
3244921294,YPGPressOffice,3
3244921294,YPJ,5
3249267995,London,1
3256973010,MigrantCrisis,1
3256973010,francetrip17,1
3257024966,444album,1
3257024966,TheStoryOfOJ,1
3258059982,blm,1
3258059982,dapl,1
3258059982,dogs,1
3284853163,PhilandoCastile,1
3289112503,MAGA,1
3289112503,islamophobe,1
3289112503,muslim,1
3289112503,muslimban,1
3296491876,NuriyeVeSemihƒ∞≈üeAlƒ±nsƒ±n,1
3297022953,London,1
3297022953,londonterrorattack,1
3298302672,DEMƒ∞RTA≈û,1
3300575992,Raqqa,2
3302455838,EU,5
3302455838,Germany,1
3302455838,Iraq,1
3302455838,Military,10
3302455838,Mosul,1
3302455838,NATO,1
3302455838,Peshmerga,1
3302455838,Raqqa,5
3302455838,SDF,6
3302455838,SOF,5
3302455838,SaturdayMorning,1
3302455838,Syria,5
3302455838,Tanf,1
3302455838,TwitterKurds,2
3302455838,Twitterkurds,1
3302455838,UK,3
3302455838,USA,1
3302455838,USAF,7
3302455838,USMC,5
3302455838,Uk,1
3302455838,YPG,6
3302455838,morningjoe,1
3302455838,trump,1
3304105465,B√ºt√ºnHileleriniziToplayƒ±p√úzerimeGelin,1
3307277274,London,1
3308161055,Insanity,1
3308161055,WakeUpAmerica,1
3310781904,‡§∂‡•Å‡§≠‡§™‡•ç‡§∞‡§≠‡§æ‡§§,1
3329180049,Islam,1
3351547995,Demo,1
3351547995,Muslime,1
3351547995,afd,1
3351547995,cdu,1
3351547995,illner,1
3351547995,lanz,1
3351547995,spd,1
3354964647,Censorship,1
3356517545,IS,1
3356517545,Salafist,1
3356517545,westpol,1
3376781080,ChristianPersecution,1
3381909233,NL,1
3390107517,Constitution,1
3391985055,GrenfellTowerFire,1
3408519333,TheWorld,1
3413775700,ISIS,1
3413775700,Raqqa,1
3413775700,SDF,1
3413775700,Syria,1
3413775700,map,1
3416682467,cuckgate,1
3632508195,GE2017,1
3646443259,DOKDO,4
3646443259,FUCKISRAEL,1
3646443259,FUCKKOREA,1
3646443259,FuckIsrael,2
3646443259,ISRAEL,2
3646443259,ISRAELINJAPAN,2
3646443259,KOREA,1
3646443259,MAGA,1
3646443259,OPKILLINGBAY,1
3646443259,Shabbat,3
3646443259,THECOVE,3
3646443259,USA,1
3646443259,shabbatshalom,3
3646443259,„ÅÆ„Çä„Åì„Åà„Éç„ÉÉ„Éà,1
3646443259,Â±±Êú¨Â§™ÈÉé,4
3646443259,ÊúâÁî∞Ëä≥Áîü,1
3646443259,Áã¨Â≥∂,1
3646443259,Á•à„Çä„Åæ„Åô,4
3646443259,Á¶èÂ≥∂„Åø„Åö„Åª,1
3646443259,ËæõÊ∑ëÁéâ,1
3646443259,ÈáëÊÖ∂Áè†,1
3646443259,ÈüìÂõΩ,2
3646443259,È¶ôÂ±±„É™„Ç´,1
3677742792,FakeNews,1
3709329729,Alexandria,1
3709329729,AlexandriaShooter,1
3709329729,ArrestObama,1
3709329729,CnnIsISIS,1
3709329729,DemocratsAreISIS,2
3709329729,DrainTheSwamp,2
3709329729,FireMuellerNow,1
3709329729,FreeLaura,1
3709329729,HellerVoteYes,1
3709329729,LondonBridge,1
3709329729,Maga,1
3709329729,ObstructionOfJustice,1
3709329729,ParisClimateDeal,1
3709329729,Ramadan,1
3709329729,SessionsHearing,2
3709329729,TrumpMustTestify,1
3709329729,boroughmarket,1
3709329729,saturdaymorning,1
3735364760,‡§∞‡§Æ‡•ç‡§™‡§§,1
3735364760,‡§∂‡§∞‡•ç‡§Æ‡§æ‡§ú‡•Ä_‡§ï‡§æ_‡§≤‡§°‡§º‡§ï‡§æ,1
3735364760,‡§π‡§ø‡§ü‡§≤‡§∞_‡§ú‡•ç‡§û‡§æ‡§®,18
3743411477,Comey,1
3743411477,French,1
3743411477,GOP,1
3743411477,Greenville,1
3743411477,Islamic,1
3743411477,JonOssoff,1
3743411477,NorthCarolina,1
3743411477,RussianCollusion,1
3743411477,SC,1
3938459357,Fronleichnam,1
4060021694,≈üuan,1
4112279381,abschiebung,1
4112279381,abschiebungen,1
4112279381,afghanistan,1
4112279381,kindertag,1
4174485917,Dresden,1
4174485917,Islamisierung,1
4174485917,Naumburg,1
4175166177,Hannity,1
4175166177,LondonBridge,1
4175166177,MAGA,1
4188704963,NuriyeVeSemihƒ∞≈üeAlƒ±nsƒ±n,1
4195988602,AntiKap,2
4195988602,BlockG20,2
4195988602,G20,2
4195988602,GeSa2hell,1
4195988602,NoG20,2
4195988602,NoG20HH,1
4195988602,Protestwelle,1
4195988602,ResistCapitalism,1
4195988602,fckG20,1
4195988602,resistcapitalism,1
4195988602,stopG20,1
4195988602,welcome2hell,1
4203239195,LondonAttacks,1
4222260865,KIMJAEJOONG,1
4222260865,ÍπÄÏû¨Ï§ë,1
4222260865,ÎåÄÍ≤∞,1
4222260865,ÎßàÏÇ¨ÏßÄ,1
4222260865,Îß§ÎãàÏ†Ä,1
4222260865,Î≥¥ÎìúÍ≤åÏûÑ,1
4224729994,MarchAgainstSharia,1
4244457140,MAGA,1
4244457140,TrumpTrain,1
4249000439,KOD,1
4288089627,EthemSarƒ±s√ºl√ºk,1
4288089627,Gezi,1
4288089627,NazifeOnay,1
4296903437,LondonAttacks,1
4296903437,LondonBridge,1
4296903437,Orwell,1
4312962377,AfD,1
4312962377,NRW,1
4312962377,ltnrw,1
4341845536,Lys2017,1
4346145681,AbuLeyla,2
4346145681,Ay≈üeDenizKaracagil,1
4346145681,Dersim,1
4346145681,Efr√Æn,1
4346145681,HPG,1
4346145681,Haw√ÆHewa,1
4346145681,ISIS,8
4346145681,Kurdistan,2
4346145681,MMC,1
4346145681,Manbij,1
4346145681,PKK,5
4346145681,Raqqa,17
4346145681,Rojava,3
4346145681,SDF,8
4346145681,Sabhiyeh,1
4346145681,SakineCansƒ±z,1
4346145681,WrathOfEuphrates,11
4346145681,YB≈û,1
4346145681,YJASTAR,1
4346145681,YJ≈û,1
4346145681,YPG,7
4346145681,YPJ,8
4347642208,guerre,1
4347642208,islam,1
4347642208,terroriste,1
4425662357,G√ºlen,2
4425662357,Hocaefendi,1
4451263899,Raqqa,1
4451263899,Rojava,1
4573876514,ProudToBe,1
4573876514,Squad,1
4573876514,prayforlondon,1
4623007456,UTT,1
4623007456,culturalgenocide,1
4627236323,Czechia,1
4627236323,Hungary,1
4633251613,RHONY,1
4641172161,EidMubarak2017,1
4641172161,ISIS,1
4641172161,SDF,1
4677900438,‡§ú‡•ç‡§û‡§æ‡§®‡•Ä_‡§¨‡§æ‡§¨‡§æ,1
4743939435,Fƒ±ratƒ±nGazabƒ±,2
4743939435,Kurdistan,2
4743939435,Raqqa,2
4743939435,Reqqa,2
4743939435,Rojava,2
4743939435,SDF,2
4743939435,SDG,2
4743939435,WrathOfEuphrates,2
4743939435,YPG,2
4743939435,YPJ,2
4743939435,map,2
4776058288,ÿ®ÿßÿ®ÿßŸÖ,1
4855737567,RadicalIslam,1
4855737567,bansharia,1
4855737567,igd_news,1
4858580423,American,1
4858580423,Canadian,1
4858580423,Germany,1
4858580423,ISIS,11
4858580423,Jinwar,1
4858580423,KeithBroomfield,1
4858580423,Kobane,1
4858580423,Kurdistan,1
4858580423,PKK,1
4858580423,Raqqa,5
4858580423,Rojava,3
4858580423,SDF,3
4858580423,Sinjar,1
4858580423,Tabqa,2
4858580423,TwitterKurds,1
4858580423,Twitterkurds,2
4858580423,YPG,8
4858580423,YPJ,10
4858580423,Yazidi,1
4865796322,BanMuslims,1
4865796322,BanSharia,1
4865796322,BuildThatWall,1
4865796322,HOUSE,1
4865796322,MAGA,1
4865796322,McConnell,1
4865796322,POYUS,1
4865796322,RYAN,1
4865796322,SENATE,1
4865796322,USA,1
4875890859,Troskylejuif,1
4875890859,juda√ØsmePolitique,1
4904628554,MAGA,1
4904628554,MondayMorning,1
4904628554,MondayMotivaton,1
4904628554,WorldDayAgainstChildLabour,1
4904628554,morningjoe,1
4909948916,AmericanPravda,1
4909948916,BoycottPatagonia,1
4909948916,Part3,1
4909948916,ShunPatagoniaForever,1
4919334447,ADAC,1
4919334447,Deutschland,1
4919334447,Germany,1
4919334447,withheld,1
4923917841,INDvPAK,1
702303494053634049,STAR,1
702303494053634049,Take3,1
702524531412488193,Muslim,1
703892524340015104,Argentina,1
703892524340015104,SWRM,1
704041886089084928,London,1
705039372429750272,DefeatDaesh,1
705039372429750272,Italy,1
705047741911736320,TrumpTrain,1
705165834524696577,DDay,1
705165834524696577,PrayFor,1
706304044650909696,Izlamathuz,1
706304044650909696,MAGA,1
706959926879334400,NeverTrump,1
707933844448677889,freeKolja,2
707933844448677889,shadowban,1
707933844448677889,stopshadowban,1
708041826058559489,FakeNews,1
708041826058559489,Meinungsfreiheit,1
708041826058559489,Schweden,1
708041826058559489,Zensur,1
708473580275638274,crookedhillary,1
709479371380097024,INeverGetBoredBecause,1
709479371380097024,ParisAgreement,1
709479371380097024,SundayMorning,1
711649894402928640,Democrats,1
711649894402928640,Ghost,1
711649894402928640,Socialism,1
711649894402928640,WTF,1
711649894402928640,studentdebt,1
712894805223682048,‡§¶‡•Å‡§ñ‡§¶,1
712894805223682048,‡§∏‡•ã‡§ö‡•ã,1
714088170342715392,SonDakika,1
714251366399623172,resistgopcare,1
714291478101516288,USA,1
714670030458372097,HowToWriteGood,1
718030016043466753,BanSharia,7
718030016043466753,FridayFeeling,2
718030016043466753,ISIS,4
718030016043466753,Islam,5
718030016043466753,KeithEllison,1
718030016043466753,LondonAttacks,3
718030016043466753,MIGRANT,2
718030016043466753,MarchAgainstSharia,2
718030016043466753,MondayMorning,2
718030016043466753,MondayMotivation,1
718030016043466753,MuslimBrotherhood,5
718030016043466753,Muslims,1
718030016043466753,Ramadan,4
718030016043466753,Refugees,3
718030016043466753,Saturday,1
718030016043466753,ThursdayThoughts,2
718030016043466753,TuesdayThoughts,1
719153440107204608,TurkeyHandsOffAfrin,1
719523870374563840,ISIS,1
719523870374563840,IranianParliament,1
719555766537945088,Raqqa,1
719555766537945088,SDF,1
719555766537945088,YPG,1
719555766537945088,YPJ,1
719847464791076864,AfD,1
719847464791076864,NRW,1
723206253296640000,BUYURUN,1
723206253296640000,BirmilyonHatim,1
723206253296640000,DESTEK,1
723206253296640000,DU,1
723206253296640000,FF,1
723206253296640000,HOCAMƒ∞Z,1
723206253296640000,KANSER,1
723206253296640000,L√úTFEN,4
723206253296640000,RT,4
723206253296640000,Rt,1
723206253296640000,fetih,1
723206253296640000,rt,1
723206253296640000,s√ºresi,1
723206253296640000,youtube,1
724955143905619972,Fire,1
724955143905619972,London,1
724955270372315137,Kinder,1
724955270372315137,Messer,1
724955270372315137,RamadanWahnsinn,1
724955270372315137,ichWillMeinLandZur√ºck,1
724955270372315137,sexuelle,1
724955270372315137,terror,1
724955270372315137,vergewaltigung,1
725502475768225794,syria,1
725502475768225794,turkey,1
727458439736135680,ÿØÿßÿπÿ¥,1
731611745219973121,LondonAttacks,1
733212700659093504,factsnotfeelings,1
733212700659093504,londonattack,1
733212700659093504,msm,1
733287872506298368,Rojava,1
734270997176680448,USABESTCOUNTRYINTHEWORLD,1
739849079019212800,comedy,1
740254308285960192,DefendEurope,1
740819719347900418,Merkel,1
740819719347900418,Turkey,1
742369903500361732,GOPUnite,1
742369903500361732,MAGA3X,1
742829015476633600,Raqqa,1
742829015476633600,SyMap,1
745374194993627136,Islam,1
745374194993627136,Muslim,1
745374194993627136,ReligionOfPeace,1
745374194993627136,Taqiyya,1
749133664609382406,StopTheWarOnYemen,1
752130380862488576,Merkels,1
754307693486215168,Daesh,1
754307693486215168,Raqqa,1
754307693486215168,SDF,1
754307693486215168,YPG,1
754455432815579136,HAYIRBittiSanma,1
754603420259082240,LondonBridge,1
754669108608831489,HHX6,1
755672251832217602,Internationalyogaday,1
756540691036110849,Patriote,1
761664001361211392,Suriye,1
762300054119952389,DarbeTiyatrosu,1
763730245061140480,HaberinVarMƒ±,1
763827086826110976,WestLondon,2
763827086826110976,londonFire,2
763935668284239872,LockHerUp,1
765626515610542080,RamzanPurifiesSoul,1
765907775457198080,Erdogan,1
765907775457198080,G√ºlen,1
765907775457198080,Katar,1
766050209126383617,ŸÇÿØÿ≥_€∏€∏,1
768054459834462208,ANFHaber,1
769299805717889024,maketheJewsafraidagain,1
769421337601335296,LondonAttacks,1
770844315451002880,YoVotoPorLaVidaYLaFamilia,1
771418663752728576,Batman,1
771418663752728576,HDP,1
771418663752728576,Qamƒ±≈ülo,1
771418663752728576,Raqqa,2
771418663752728576,Rƒ±m√©lan,1
771418663752728576,cbsnews,1
772412234727391233,EthnicCleansing,1
772497898810511360,LR,1
774273403050221568,Sello,1
774305380990128129,AfD,1
774305380990128129,CDU,1
774305380990128129,Gr√ºne,1
774305380990128129,J√§ger,1
774305380990128129,Kraft,1
774305380990128129,Maas,1
774305380990128129,Merkel,1
774305380990128129,Petry,1
774305380990128129,Polizei,1
774305380990128129,SPD,1
775017760808140800,EuphratesShield,1
776868044396191744,Hizmet,1
776868044396191744,falso,1
776868044396191744,makam,1
777565402427777024,ÿ¢ÿ™ÿ¥‚ÄåŸÜÿ¥ÿßŸÜ,1
777565402427777024,ŸÑŸÜÿØŸÜ,1
777565402427777024,⁄Øÿ±ÿßŸÜŸÅŸÑ,1
778743504302321664,mimimi,1
780508596949823488,Bƒ∞TTƒ∞,1
780508596949823488,Flash,1
781067466810220545,AbbayesNormandes,1
782382367142973440,MarchAgainstSharia,1
782694332495073282,Adalet,1
782694332495073282,Bedi√ºzzaman,1
782694332495073282,Besmele,1
782694332495073282,Bismillahirrahmanirrahim,1
782694332495073282,Criminal,1
782694332495073282,D√ºcaneC√ºndioƒülu,1
782694332495073282,Ebabil,1
782694332495073282,Ebrehe,1
782694332495073282,FilSuresi,1
782694332495073282,Hƒ±yanet,1
782694332495073282,Justice,1
782694332495073282,Kuran,1
782694332495073282,Law,1
782694332495073282,Lawyer,1
782694332495073282,Ramadan,1
782694332495073282,Ramazan,1
782694332495073282,RisaleiNur,1
782694332495073282,StopChildRape,1
782694332495073282,Taciz,1
782694332495073282,Tecav√ºz,1
782694332495073282,Zalim,1
782694332495073282,Zul√ºm,2
782694332495073282,√áocukIstismarƒ±naDurDe,1
783221635839066112,AsAMuslimWeShould,1
784001155194118144,EidMubarak,1
784001155194118144,Ramadan,1
784476320923262976,Kƒ±zƒ±lDayanƒ±≈üma,1
784485229851512832,Dayanƒ±≈ümaYa≈üatƒ±r,1
784485229851512832,Kƒ±zƒ±lDayanƒ±≈üma,3
784485229851512832,NuriyeVeSemiheNefesOl,1
784765142349258752,AdaletY√ºr√ºy√º≈ü√º,1
785378096014880768,Efr√Æn,1
785378096014880768,Russia,1
785378096014880768,SDF,1
785926250523045890,14Words,1
785926250523045890,AltRight,1
785926250523045890,WhiteGenocide,1
785926250523045890,WhiteLivesMatter,1
786864752953790464,Fl√ºchtlinge,1
786864752953790464,Schleuser,1
786864752953790464,SeaWatch,1
786864752953790464,deutsche,1
788420865012695040,AfD,1
789151567710711809,NewRight,1
793947232949170180,History,11
793947232949170180,adolfhitler,10
793947232949170180,nationalsocialism,11
793947232949170180,thirdreich,11
796403983476736000,Justice4Seth,1
796403983476736000,Justice4SethRich,1
796603566886703105,ÿßŸÜÿ™ÿÆÿßÿ®ÿßÿ™,1
796603566886703105,ÿ¨ŸÑ€åŸÑ€å,1
796603566886703105,ÿ±ÿ£€å,1
796603566886703105,ÿ≥ÿß€åŸá_ÿ¨ŸÜ⁄Ø,1
796951595376316416,HeterosexualPrideDay,1
799242994545205248,England,1
799242994545205248,Englishman,1
799242994545205248,Israeli,1
799242994545205248,SerialKiller,1
799242994545205248,Staffordshire,1
799242994545205248,cat,1
799684694308634624,ECHRdoNotRecognizeCommission,1
800399263599427584,MarchAgainstSharia,1
801968995888984064,‡§¨‡•á‡§ü‡§æ,1
801968995888984064,‡§¨‡•á‡§ü‡•Ä,1
801968995888984064,‡§π‡§´‡•ç‡§§‡•á_‡§Æ‡•á‡§Ç_4_‡§¶‡§ø‡§®_‡§ú‡§º‡§∞‡•Ç‡§∞‡§§_‡§™‡§°‡§º‡•á‡§ó‡•Ä,1
802315319385686016,AntiWhite,1
802315319385686016,Aryan,1
802315319385686016,BlackCrime,1
802315319385686016,BuildNationalSocialism,1
802315319385686016,Canada,1
802315319385686016,Fascism,1
802315319385686016,HappyFathersDay,2
802315319385686016,JewishSupremacism,1
802315319385686016,MCWA,1
802315319385686016,NSActivism,1
802315319385686016,PoliticallyCorrect,1
802315319385686016,WhiteAmericans,1
802315319385686016,WhiteChildrenAreMagic,1
802315319385686016,WhiteLivesMatter,1
802315319385686016,WhiteManFight,1
802577501822349312,Bronx,1
802577501822349312,BronxHospitalShooting,1
802577501822349312,ComeyDay,1
802577501822349312,OpenBordersForIsrael,1
803628786486906880,SaveAfrin,1
805433385623568385,ÿ®ŸÜ€å_ÿµÿØÿ±,1
805449024602075137,ExMuslim,2
805449024602075137,ExMuslimBecause,1
807900239420014593,Hamdolsun,2
808297868410912768,Cumhurba≈ükanƒ±,1
809705011504697346,AdaletY√ºr√ºy√º≈ü√º,1
809705011504697346,News,1
809705011504697346,√ñZG√úR√úZ,1
810916112384794625,Normandy,1
811255185616027648,TheAlexandriaProject,1
811265816683540480,ÿ®€åÿ¥ÿ±ŸÅÿßŸÜ,1
811265816683540480,ÿØ€åÿßÿ´ÿ™,1
811265816683540480,ŸÑÿ®€å⁄©_€åÿß_ÿ≤Ÿáÿ±ÿß,1
811265816683540480,€åÿß_ÿ≠ÿ≥€åŸÜ,1
811667167741669376,France,1
811667167741669376,LaDictatureEnMarche,1
812078218031333376,USAin4words,1
813914393788481540,Antifa,1
813914393788481540,EqualityMarch,2
813914393788481540,FridayFeeling,2
813914393788481540,HowToKeepARelationshipNew,1
813914393788481540,IThinkWeShouldOutlaw,2
813914393788481540,LondonAttacks,4
813914393788481540,NationalSunglassesDay,1
813914393788481540,NaziUp,1
813914393788481540,PhilandoCastile,2
813914393788481540,Pride2017,1
813914393788481540,ProudToBe,1
813914393788481540,Resist,2
813914393788481540,ShutupTariq,1
813914393788481540,TheMeaningOfLifeIs,1
813914393788481540,ThursdayThoughts,1
813914393788481540,TuesdayThoughts,1
813914393788481540,USAin4words,2
813914393788481540,WednesdayWisdom,2
813914393788481540,WhyIDontUseFacebook,1
813914393788481540,WorldRefugeeDay,2
814211110261788673,lockhimup,1
814365134403633152,BeautyMatters,1
814563759725350912,BursadaZul√ºm,1
816599230827626496,Defamatory,1
816599230827626496,Socialism,1
817323211922833409,SizinMesajlarƒ±nƒ±z,1
817363939478695936,BREAKING,1
817363939478695936,Raqqa,1
817363939478695936,SDF,1
817363939478695936,Tapqa,1
817363939478695936,TwitterKurds,1
817363939478695936,US,1
817363939478695936,YPG,2
822868557394542592,NationalSelfieDay,1
822868557394542592,YouTubers4Grenfell,1
824050433203245056,Bormann,1
824050433203245056,Capitalismo,1
824050433203245056,Democracia,1
824050433203245056,FintechUmx,1
824050433203245056,Germany,1
824050433203245056,Gobierno,1
824050433203245056,G√∂ring,1
824050433203245056,Jesucristo,1
824050433203245056,JewishPrivilege,1
824050433203245056,Nazi,1
824050433203245056,Obersalzberg,1
824050433203245056,Speer,1
824050433203245056,WWII,1
824050433203245056,holocausto,1
824637734295928832,YPG,1
824892735026966528,NuriyeveSemiheG√ºveniyoruz,1
824943718302089216,Am√ªd√™,1
824943718302089216,Rojava,1
824943718302089216,YPG,1
824943718302089216,YPJ,1
827169651012427777,ProtestoEdiyorum,1
827730392530685952,BANALLMUSLIMS,1
827730392530685952,BANSHARIALAW,1
828177799412334592,TurkeyHandsOffAfrin,1
828406015259443202,PrideMonth,1
831519910463434752,ŸÖŸÜÿßÿ∏ÿ±Ÿá,1
831519910463434752,⁄©ŸÖ€åÿ™Ÿá‚Äåÿ≠ŸÇ€åŸÇÿ™‚Äå€åÿßÿ®,1
831783811713204224,blockparteien,1
831783811713204224,netzwerkdurchsetzungsgesetz,1
831921710370869252,Rakka,2
833263613276200962,HBDPakistan,2
833503008717697025,Afrin,1
834161203857485824,Fl√ºchtlinge,1
835927492666011648,LondonAttacks,1
835944369769295873,PrideMonth,1
835944726088003584,NaziTwitter,1
836040144490725377,BoycottHeineken,1
838018569732501508,Abschiebeverbot,1
838018569732501508,Afrikaner,1
838018569732501508,Aleppo,1
838018569732501508,Augsburg,1
838018569732501508,Bad,1
838018569732501508,Bademeister,1
838018569732501508,Bankgeheimnis,1
838018569732501508,Berlin,1
838018569732501508,Biberach,1
838018569732501508,Bockum,1
838018569732501508,Bottrop,1
838018569732501508,Bremen,1
838018569732501508,Br√ºhl,1
838018569732501508,Burg,1
838018569732501508,Burkaverbot,1
838018569732501508,Buskontrolle,1
838018569732501508,Dresden,1
838018569732501508,Duisburg,1
838018569732501508,D√ºsseldorf,2
838018569732501508,Dƒ∞Tƒ∞B,1
838018569732501508,Einzelfallinfos,1
838018569732501508,Eisenstadt,1
838018569732501508,Essen,1
838018569732501508,Facebook,1
838018569732501508,Fahrrad,1
838018569732501508,Fingerabdr√ºcke,1
838018569732501508,Flensburg,1
838018569732501508,FreeKolja,1
838018569732501508,F√ºrstenberg,1
838018569732501508,Gelsenkirchen,1
838018569732501508,Gerswalde,1
838018569732501508,Gie√üen,1
838018569732501508,Graz,1
838018569732501508,Gr√ºnberg,1
838018569732501508,Hafenfest,1
838018569732501508,Hagen,1
838018569732501508,Hamburg,3
838018569732501508,Handy,1
838018569732501508,Hannover,1
838018569732501508,Heilbronn,1
838018569732501508,Hildesheim,1
838018569732501508,H√∂xter,1
838018569732501508,Islamisten,1
838018569732501508,Islamistin,1
838018569732501508,Jahnsdorf,1
838018569732501508,Karlsruhe,1
838018569732501508,Kiosk,1
838018569732501508,Koblenz,1
838018569732501508,Krankenhaus,1
838018569732501508,Kyritz,1
838018569732501508,K√∂ln,2
838018569732501508,Lindau,1
838018569732501508,Linz,1
838018569732501508,L√∂hne,1
838018569732501508,L√ºbeck,1
838018569732501508,L√ºnen,1
838018569732501508,Marschacht,1
838018569732501508,Meckenheim,1
838018569732501508,Messer,4
838018569732501508,M√ºhlhausen,1
838018569732501508,M√ºnchen,2
838018569732501508,NRW,1
838018569732501508,Natternberg,1
838018569732501508,Nordafrikaner,1
838018569732501508,Norwegen,1
838018569732501508,Oberneisen,1
838018569732501508,Offenburg,1
838018569732501508,Pass,1
838018569732501508,Peine,1
838018569732501508,Pforzheim,1
838018569732501508,Pistole,1
838018569732501508,Polizei,1
838018569732501508,Psychiatrie,1
838018569732501508,Ramadan,1
838018569732501508,Ratingen,1
838018569732501508,Rees,1
838018569732501508,Revision,1
838018569732501508,SEK,1
838018569732501508,SPD,1
838018569732501508,Schweden,1
838018569732501508,Schweinfurt,1
838018569732501508,Sch√ºler,1
838018569732501508,Sozialarbeiter,1
838018569732501508,Teufelsaustreibung,1
838018569732501508,T√∂tung,1
838018569732501508,Unna,1
838018569732501508,Wethmar,1
838018569732501508,Wismar,1
838018569732501508,Wohnsitz,1
838018569732501508,W√ºnsdorf,1
838018569732501508,Zwickau,1
838018569732501508,freeKolja,8
838018569732501508,freekolja,1
838018569732501508,vergewaltigen,1
838070284297072641,Dresden,1
838070284297072641,Folklore,1
838070284297072641,Londonattacks,1
838070284297072641,Messer,1
838070284297072641,NRW,1
838070284297072641,Opfern,1
838070284297072641,Terror,1
838070284297072641,Zust√§ndeinNRW,1
839462267267788805,ŸÖ€åÿ±ÿ≠ÿ≥€åŸÜ,1
839935334343454720,HitlerWasRight,1
841771766393520128,≈ûengal,1
842335606705274880,TurkeyWithQatar,1
842335606705274880,T√ºrkOrdusuKatara,1
843581745488445441,FreePalestineFreeTheWorld,1
843581745488445441,Gaza11YearsOn,1
843581745488445441,ŸÇÿ±Ÿàÿ®_ŸÅŸÑÿ≥ÿ∑ŸäŸÜŸä,1
843840830871932928,JeSuisUnNinjaQuand,1
843840830871932928,Martinique,1
843855993394122752,TurkeyHandsOffAfrin,1
844581988719886337,Ay≈üeDenizKaracagil,1
844581988719886337,TufanEroƒüluer,1
844769417577717760,BanIslam,1
844769417577717760,DeportMuslims,1
844769417577717760,IslamIsTheProblem,1
844769417577717760,MuslimBan,1
844769417577717760,NoRefugees,1
844769417577717760,travelban,1
845246437759836160,FreeSpeechDC,1
845741574210375681,ihatejews,1
847043153265934336,Duisburg,1
847735496633536512,1May,1
847735496633536512,1Mayƒ±s,1
847735496633536512,Manchester,1
847735496633536512,MayDay,1
847918679379529728,PhilandoCastile,1
848490554656784384,ÿ™€åÿ±ÿßŸÜÿØÿßÿ≤€å,1
848490554656784384,ÿÆŸÖ€åŸÜ€å,1
848490554656784384,ŸÖŸÜÿßŸÅŸÇ€åŸÜ,1
848760557087801344,Jets,1
848760557087801344,ProudAirForce,1
848760557087801344,SupportOurMilitary,1
848760557087801344,USAirForce,1
848926305328529410,FOTOGRAF√çA,1
849001827903451137,ECHRdoNotRecognizeCommission,1
849700654176239618,Umvolkung,1
849838661504049152,ProudToBe,1
850439744894980097,ÿ¢ÿ®,1
850439744894980097,ÿßÿØŸàÿßÿ±ÿØŸàÿ¢ŸÜ€åŸÑ€å,1
850439744894980097,ÿÆŸàÿ≤ÿ≥ÿ™ÿßŸÜ,1
850439744894980097,ÿØÿ±ÿ¢ŸÖÿØÿ≥ÿßŸÑ€åÿßŸÜŸá€∂€∞ŸÖ€åŸÑ€åÿßÿ±ÿØÿØŸÑÿßÿ±,1
850439744894980097,ÿØŸàŸÑÿ™_ÿ™ÿ≤Ÿà€åÿ±,1
850439744894980097,ÿ≥€åÿ≥ÿ™ÿßŸÜ,1
850439744894980097,ŸáŸàÿß,1
850546239066304512,AltRight,2
850546239066304512,FinsburyPark,1
850546239066304512,londonbridge,1
851837820025131009,SuraSesVer,1
851837820025131009,ffTakip,1
852495615602851841,EU,1
852495615602851841,Klimaschutzabkommen,1
854782095289397252,Cohencidence,2
854782095289397252,Diversity,1
854782095289397252,EverySingleTime,2
854782095289397252,multicultural,1
856777645186351105,Medien,1
856777645186351105,Ramadan,1
856777645186351105,Ramadan2017,1
856777645186351105,RamadanBombathon,1
857882231947358209,Rakka,1
858095709517737984,TrapRight,1
858407531722547201,HoldinMeBackVideo,1
859628815609466880,AFD,1
859628815609466880,BURKA,1
859628815609466880,Merkel,1
860028286205915136,Antiwhite,1
860808843667935232,Br√ºssel,1
861398066087305216,StopTheInvasion,1
861398066087305216,StopTheMuslimInvasion,1
861398066087305216,WakeUp,1
862722844232437760,Raqqa,1
862722844232437760,SDF,1
862779392690458626,Altright,1
862779392690458626,Jewish,1
862836808945741825,WhiteGenocide,1
863207054550286336,DDay,1
863627136032059392,Turkey,1
864572609391763456,MarchAgainstSharia,1
864572609391763456,ShariaLaw,1
864663088368201730,SCUM,1
865448264388169728,AirYourGrievancesIn5Words,1
865448264388169728,AmericaFirst,1
865448264388169728,DDay,1
865448264388169728,ExposeTheNose,1
865448264388169728,LondonBridge,1
865448264388169728,MemorialDay,1
865689675985506304,CihanAcar,1
865689675985506304,amnesty,1
865689675985506304,freeturkeymedia,1
865689675985506304,journalist,1
867024485953687552,whiteisrightforwhites,1
867024485953687552,whitepower,1
867024485953687552,whitepride,1
867053193171271686,freemustafaemrecabuk,1
867126950183051264,Iran,1
867148141610586117,ISIS,1
867366611409412096,DontBeARacemixingSLUT,1
867514514287341569,AdolfHitler,2
867514514287341569,Army,1
867514514287341569,MeinKampf,1
867514514287341569,NationalSocial,1
867514514287341569,Nazi,2
867514514287341569,Party,1
867514514287341569,Ss,1
867514514287341569,ThirdReich,1
867514514287341569,WW2,1
867514514287341569,Ww2,1
868274776124657664,ThursdayThoughts,1
869323201381363717,racest,1
869873353334632448,An178,1
869873353334632448,An225,1
869979647282479105,Saya_Bersama_HTI,1
870260618758152192,AryanRepublic,1
870420668998930432,TwitterKurds,1
870998486375960578,FinburyPark,1
870998486375960578,WednesdayWisdom,1
871013958341107713,HBD,1
871224785862180864,ProudToBe,1
871229266985234432,defendPDX,1
871269724998520833,FreeMustafaEmreCabuk,1
871311417214775296,MAGA,1
871809411781668864,Frauenrechte,1
871809411781668864,Gefl√ºchtete,1
871809411781668864,Islam,1
871809411781668864,Islamisierung,1
871809411781668864,RefugeesWelcome,1
871809411781668864,Scharia,1
871809411781668864,Willkommenskultur,1
871809411781668864,freeKolja,1
872403805148553216,BuGecedeDuam,1
874847856942866433,History,1
876523711997849600,Syria,1
877664979121565699,LoveIsLove,1
877664979121565699,Pride2017,1
926783183584145408,MarchaPorLaEquiparacionYA,1
941680316506411009,Antifa,1
955730343021219840,Rojava,1
956988729402560513,SDF,1
963508481780322304,MehmetBaransu,1
980116740972695552,six,1
980116740972695552,ÿ≠ÿµÿ±Ÿä,1
980116740972695552,ÿ≥ŸÉÿ≥,1
980116740972695552,ŸÖÿ™ÿ±ÿ¨ŸÖ,1
